maker,model,size,format,doors,seats,price,img
BMW,3-Series,Medium car,Saloon,2,5,bonjour,https://www.freepnglogos.com/uploads/bmw-png/bmw-reviews-and-rating-motor-trend-1.png
BMW,3-Series,Medium car,Saloon,blabla,5,53855,https://www.freepnglogos.com/uploads/bmw-png/bmw-reviews-new-used-models-motor-trend-3.png
BMW,3-Series,Medium car,Saloon,2,5,24790,https://www.freepnglogos.com/uploads/bmw-png/bmw-reviews-and-rating-motor-trend-29.png
BMW,3-Series,Medium car,Saloon,2,5,23089,https://www.freepnglogos.com/uploads/bmw-png/bmw-car-transparent-png-pictures-icons-and-png-31.png
BMW,3-Series,Medium car,Saloon,2,5,49088,https://www.freepnglogos.com/uploads/bmw-png/black-bmw-xdrive-car-png-image-pngpix-33.png
BMW,3-Series,Medium car,Saloon,2,jkhgjhg,62259,https://www.freepnglogos.com/uploads/bmw-png/technology-the-year-bmw-project-automobile-9.png
BMW,3-Series,Medium car,Saloon,2,5,67619,https://www.freepnglogos.com/uploads/bmw-png/bmw-reviews-prices-specs-motor-4.png
BMW,3-Series,Medium car,Saloon,2,5,34487,https://www.freepnglogos.com/uploads/bmw-png/blue-bmw-coupe-car-png-image-pngpix-5.png
BMW,3-Series,Medium car,Saloon,2,5,59699,https://www.freepnglogos.com/uploads/bmw-png/bmw-flat-png-transparent-bmw-flat-images-pluspng-12.png
BMW,3-Series,Medium car,Saloon,4,5,43605,https://www.freepnglogos.com/uploads/bmw-png/bmw-reviews-and-rating-motor-trend-1.png
BMW,3-Series,Medium car,Saloon,4,5,46428,https://www.freepnglogos.com/uploads/bmw-png/bmw-reviews-new-used-models-motor-trend-3.png
BMW,3-Series,Medium car,Saloon,4,5,40446,https://www.freepnglogos.com/uploads/bmw-png/bmw-reviews-and-rating-motor-trend-29.png
BMW,3-Series,Medium car,Saloon,4,5,36682,https://www.freepnglogos.com/uploads/bmw-png/bmw-car-transparent-png-pictures-icons-and-png-31.png
BMW,3-Series,Medium car,Saloon,4,5,26752,https://www.freepnglogos.com/uploads/bmw-png/black-bmw-xdrive-car-png-image-pngpix-33.png
BMW,3-Series,Medium car,Saloon,4,5,30868,https://www.freepnglogos.com/uploads/bmw-png/technology-the-year-bmw-project-automobile-9.png
BMW,3-Series,Medium car,Saloon,4,5,33020,https://www.freepnglogos.com/uploads/bmw-png/bmw-reviews-prices-specs-motor-4.png
BMW,3-Series,Medium car,Saloon,4,5,34332,https://www.freepnglogos.com/uploads/bmw-png/blue-bmw-coupe-car-png-image-pngpix-5.png
BMW,3-Series,Medium car,Saloon,4,5,34580,https://www.freepnglogos.com/uploads/bmw-png/bmw-flat-png-transparent-bmw-flat-images-pluspng-12.png
BMW,3-Series,Medium car,Saloon,4,5,43307,https://www.freepnglogos.com/uploads/bmw-png/bmw-reviews-and-rating-motor-trend-1.png
BMW,3-Series,Medium car,Saloon,4,5,49340,https://www.freepnglogos.com/uploads/bmw-png/bmw-reviews-new-used-models-motor-trend-3.png
BMW,3-Series,Medium car,Saloon,4,5,64602,https://www.freepnglogos.com/uploads/bmw-png/bmw-reviews-and-rating-motor-trend-29.png
BMW,3-Series,Medium car,Saloon,4,5,38373,https://www.freepnglogos.com/uploads/bmw-png/bmw-car-transparent-png-pictures-icons-and-png-31.png
BMW,3-Series,Medium car,Saloon,4,5,30624,https://www.freepnglogos.com/uploads/bmw-png/black-bmw-xdrive-car-png-image-pngpix-33.png
BMW,3-Series,Medium car,Saloon,4,5,24611,https://www.freepnglogos.com/uploads/bmw-png/technology-the-year-bmw-project-automobile-9.png
BMW,3-Series,Medium car,Saloon,4,5,20865,https://www.freepnglogos.com/uploads/bmw-png/bmw-reviews-prices-specs-motor-4.png
BMW,3-Series,Medium car,Saloon,4,5,21709,https://www.freepnglogos.com/uploads/bmw-png/blue-bmw-coupe-car-png-image-pngpix-5.png
BMW,3-Series,Medium car,Saloon,4,5,57218,https://www.freepnglogos.com/uploads/bmw-png/bmw-flat-png-transparent-bmw-flat-images-pluspng-12.png
BMW,3-Series,Medium car,Saloon,2,5,25255,https://www.freepnglogos.com/uploads/bmw-png/bmw-reviews-and-rating-motor-trend-1.png
BMW,3-Series,Medium car,Saloon,2,5,71114,https://www.freepnglogos.com/uploads/bmw-png/bmw-reviews-new-used-models-motor-trend-3.png
BMW,3-Series,Medium car,Saloon,2,5,67933,https://www.freepnglogos.com/uploads/bmw-png/gold-bmw-car-png-image-pngpix-37.png
BMW,3-Series,Medium car,Saloon,2,4,65548,https://www.freepnglogos.com/uploads/bmw-png/bmw-series-reviews-and-rating-motor-trend-canada-36.png
BMW,3-Series,Medium car,Saloon,4,5,29861,https://www.freepnglogos.com/uploads/bmw-png/bmw-reviews-and-rating-motor-trend-1.png
BMW,3-Series,Medium car,Saloon,4,5,46884,https://www.freepnglogos.com/uploads/bmw-png/bmw-reviews-new-used-models-motor-trend-3.png
BMW,3-Series,Medium car,Saloon,4,5,20829,https://www.freepnglogos.com/uploads/bmw-png/bmw-reviews-and-rating-motor-trend-29.png
BMW,3-Series,Medium car,Estate,5,5,54275,https://www.freepnglogos.com/uploads/bmw-png/bmw-car-transparent-png-pictures-icons-and-png-31.png
BMW,3-Series,Medium car,Estate,5,5,64805,https://www.freepnglogos.com/uploads/bmw-png/black-bmw-xdrive-car-png-image-pngpix-33.png
BMW,3-Series,Medium car,Estate,5,5,43242,https://www.freepnglogos.com/uploads/bmw-png/technology-the-year-bmw-project-automobile-9.png
BMW,3-Series,Medium car,Estate,5,5,57466,https://www.freepnglogos.com/uploads/bmw-png/bmw-reviews-prices-specs-motor-4.png
BMW,3-Series,Medium car,Estate,5,5,52122,https://www.freepnglogos.com/uploads/bmw-png/blue-bmw-coupe-car-png-image-pngpix-5.png
BMW,3-Series,Medium car,Estate,5,5,60186,https://www.freepnglogos.com/uploads/bmw-png/bmw-flat-png-transparent-bmw-flat-images-pluspng-12.png
BMW,3-Series,Medium car,Cabrio,2,4,62789,https://www.freepnglogos.com/uploads/bmw-png/bmw-reviews-and-rating-motor-trend-1.png
BMW,3-Series,Medium car,Cabrio,2,4,16758,https://www.freepnglogos.com/uploads/bmw-png/bmw-reviews-new-used-models-motor-trend-3.png
BMW,3-Series,Medium car,Cabrio,2,4,16580,https://www.freepnglogos.com/uploads/bmw-png/bmw-reviews-and-rating-motor-trend-29.png
BMW,3-Series,Medium car,Cabrio,2,4,60905,https://www.freepnglogos.com/uploads/bmw-png/bmw-car-transparent-png-pictures-icons-and-png-31.png
BMW,3-Series,Medium car,Cabrio,2,4,32255,https://www.freepnglogos.com/uploads/bmw-png/black-bmw-xdrive-car-png-image-pngpix-33.png
BMW,3-Series,Medium car,Cabrio,2,4,24920,https://www.freepnglogos.com/uploads/bmw-png/technology-the-year-bmw-project-automobile-9.png
BMW,3-Series,Medium car,Hatchback,3,5,73244,https://www.freepnglogos.com/uploads/bmw-png/bmw-reviews-prices-specs-motor-4.png
BMW,3-Series,Medium car,Hatchback,3,5,35504,https://www.freepnglogos.com/uploads/bmw-png/blue-bmw-coupe-car-png-image-pngpix-5.png
BMW,3-Series,Medium car,Hatchback,3,5,28141,https://www.freepnglogos.com/uploads/bmw-png/bmw-flat-png-transparent-bmw-flat-images-pluspng-12.png
BMW,3-Series,Medium car,Hatchback,3,5,24342,https://www.freepnglogos.com/uploads/bmw-png/bmw-reviews-and-rating-motor-trend-1.png
BMW,3-Series,Medium car,Saloon,4,5,40618,https://www.freepnglogos.com/uploads/bmw-png/bmw-reviews-new-used-models-motor-trend-3.png
BMW,3-Series,Medium car,Saloon,4,5,69584,https://www.freepnglogos.com/uploads/bmw-png/bmw-reviews-and-rating-motor-trend-29.png
BMW,3-Series,Medium car,Saloon,4,5,43768,https://www.freepnglogos.com/uploads/bmw-png/bmw-car-transparent-png-pictures-icons-and-png-31.png
BMW,3-Series,Medium car,Saloon,4,5,31821,https://www.freepnglogos.com/uploads/bmw-png/black-bmw-xdrive-car-png-image-pngpix-33.png
BMW,3-Series,Medium car,Saloon,4,5,24123,https://www.freepnglogos.com/uploads/bmw-png/technology-the-year-bmw-project-automobile-9.png
BMW,3-Series,Medium car,Saloon,4,5,56950,https://www.freepnglogos.com/uploads/bmw-png/bmw-reviews-prices-specs-motor-4.png
BMW,3-Series,Medium car,Saloon,4,5,56980,https://www.freepnglogos.com/uploads/bmw-png/blue-bmw-coupe-car-png-image-pngpix-5.png
BMW,3-Series,Medium car,Saloon,4,5,68698,https://www.freepnglogos.com/uploads/bmw-png/bmw-flat-png-transparent-bmw-flat-images-pluspng-12.png
BMW,3-Series,Medium car,Saloon,4,5,71502,https://www.freepnglogos.com/uploads/bmw-png/bmw-reviews-and-rating-motor-trend-1.png
BMW,3-Series,Medium car,Saloon,4,5,44874,https://www.freepnglogos.com/uploads/bmw-png/bmw-reviews-new-used-models-motor-trend-3.png
BMW,3-Series,Medium car,Saloon,4,5,70598,https://www.freepnglogos.com/uploads/bmw-png/gold-bmw-car-png-image-pngpix-37.png
BMW,3-Series,Medium car,Saloon,4,5,61729,https://www.freepnglogos.com/uploads/bmw-png/bmw-series-reviews-and-rating-motor-trend-canada-36.png
BMW,3-Series,Medium car,Saloon,4,5,74979,https://www.freepnglogos.com/uploads/bmw-png/bmw-reviews-and-rating-motor-trend-1.png
BMW,3-Series,Medium car,Saloon,4,5,48239,https://www.freepnglogos.com/uploads/bmw-png/bmw-reviews-new-used-models-motor-trend-3.png
BMW,3-Series,Medium car,Estate,5,5,60321,https://www.freepnglogos.com/uploads/bmw-png/bmw-reviews-and-rating-motor-trend-29.png
BMW,3-Series,Medium car,Estate,5,5,27938,https://www.freepnglogos.com/uploads/bmw-png/bmw-car-transparent-png-pictures-icons-and-png-31.png
BMW,3-Series,Medium car,Estate,5,5,61451,https://www.freepnglogos.com/uploads/bmw-png/black-bmw-xdrive-car-png-image-pngpix-33.png
BMW,3-Series,Medium car,Estate,5,5,65483,https://www.freepnglogos.com/uploads/bmw-png/technology-the-year-bmw-project-automobile-9.png
BMW,3-Series,Medium car,Estate,5,5,38577,https://www.freepnglogos.com/uploads/bmw-png/bmw-reviews-prices-specs-motor-4.png
BMW,3-Series,Medium car,Estate,5,5,63662,https://www.freepnglogos.com/uploads/bmw-png/blue-bmw-coupe-car-png-image-pngpix-5.png
BMW,3-Series,Medium car,Estate,5,5,50037,https://www.freepnglogos.com/uploads/bmw-png/bmw-flat-png-transparent-bmw-flat-images-pluspng-12.png
BMW,3-Series,Medium car,Coupe,2,5,32781,https://www.freepnglogos.com/uploads/bmw-png/bmw-reviews-and-rating-motor-trend-1.png
BMW,3-Series,Medium car,Coupe,2,5,32711,https://www.freepnglogos.com/uploads/bmw-png/bmw-reviews-new-used-models-motor-trend-3.png
BMW,3-Series,Medium car,Coupe,2,5,22235,https://www.freepnglogos.com/uploads/bmw-png/bmw-reviews-and-rating-motor-trend-29.png
BMW,3-Series,Medium car,Coupe,2,5,50995,https://www.freepnglogos.com/uploads/bmw-png/bmw-car-transparent-png-pictures-icons-and-png-31.png
BMW,3-Series,Medium car,Coupe,2,5,23992,https://www.freepnglogos.com/uploads/bmw-png/black-bmw-xdrive-car-png-image-pngpix-33.png
BMW,3-Series,Medium car,Coupe,2,5,42028,https://www.freepnglogos.com/uploads/bmw-png/technology-the-year-bmw-project-automobile-9.png
BMW,3-Series,Medium car,Coupe,2,5,36434,https://www.freepnglogos.com/uploads/bmw-png/bmw-reviews-prices-specs-motor-4.png
BMW,3-Series,Medium car,Coupe,2,5,23352,https://www.freepnglogos.com/uploads/bmw-png/blue-bmw-coupe-car-png-image-pngpix-5.png
BMW,3-Series,Medium car,Cabrio,2,4,71963,https://www.freepnglogos.com/uploads/bmw-png/bmw-flat-png-transparent-bmw-flat-images-pluspng-12.png
BMW,3-Series,Medium car,Cabrio,2,4,56082,https://www.freepnglogos.com/uploads/bmw-png/bmw-reviews-and-rating-motor-trend-1.png
BMW,3-Series,Medium car,Cabrio,2,4,68091,https://www.freepnglogos.com/uploads/bmw-png/bmw-reviews-new-used-models-motor-trend-3.png
BMW,3-Series,Medium car,Cabrio,2,4,22672,https://www.freepnglogos.com/uploads/bmw-png/bmw-reviews-and-rating-motor-trend-29.png
BMW,3-Series,Medium car,Cabrio,2,4,26609,https://www.freepnglogos.com/uploads/bmw-png/bmw-car-transparent-png-pictures-icons-and-png-31.png
BMW,3-Series,Medium car,Cabrio,2,4,19621,https://www.freepnglogos.com/uploads/bmw-png/black-bmw-xdrive-car-png-image-pngpix-33.png
BMW,3-Series,Medium car,Cabrio,2,4,48311,https://www.freepnglogos.com/uploads/bmw-png/technology-the-year-bmw-project-automobile-9.png
BMW,3-Series,Medium car,Hatchback,5,5,46842,https://www.freepnglogos.com/uploads/bmw-png/bmw-reviews-prices-specs-motor-4.png
BMW,3-Series,Medium car,Hatchback,5,5,67230,https://www.freepnglogos.com/uploads/bmw-png/blue-bmw-coupe-car-png-image-pngpix-5.png
BMW,3-Series,Medium car,Hatchback,5,5,15049,https://www.freepnglogos.com/uploads/bmw-png/bmw-flat-png-transparent-bmw-flat-images-pluspng-12.png
BMW,3-Series,Medium car,Hatchback,5,5,72312,https://www.freepnglogos.com/uploads/bmw-png/bmw-reviews-and-rating-motor-trend-1.png
BMW,3-Series,Medium car,Hatchback,5,5,23396,https://www.freepnglogos.com/uploads/bmw-png/bmw-reviews-new-used-models-motor-trend-3.png
BMW,3-Series,Medium car,Saloon,4,5,29233,https://www.freepnglogos.com/uploads/bmw-png/gold-bmw-car-png-image-pngpix-37.png
BMW,3-Series,Medium car,Saloon,4,5,43488,https://www.freepnglogos.com/uploads/bmw-png/bmw-series-reviews-and-rating-motor-trend-canada-36.png
BMW,3-Series,Medium car,Saloon,4,5,33958,https://www.freepnglogos.com/uploads/bmw-png/bmw-reviews-and-rating-motor-trend-1.png
BMW,3-Series,Medium car,Saloon,4,5,65627,https://www.freepnglogos.com/uploads/bmw-png/bmw-reviews-new-used-models-motor-trend-3.png
BMW,3-Series,Medium car,Saloon,4,5,31820,https://www.freepnglogos.com/uploads/bmw-png/bmw-reviews-and-rating-motor-trend-29.png
BMW,3-Series,Medium car,Saloon,4,5,29631,https://www.freepnglogos.com/uploads/bmw-png/bmw-car-transparent-png-pictures-icons-and-png-31.png
BMW,3-Series,Medium car,Saloon,4,5,45123,https://www.freepnglogos.com/uploads/bmw-png/black-bmw-xdrive-car-png-image-pngpix-33.png
BMW,3-Series,Medium car,Saloon,4,5,17556,https://www.freepnglogos.com/uploads/bmw-png/technology-the-year-bmw-project-automobile-9.png
BMW,3-Series,Medium car,Saloon,4,5,52541,https://www.freepnglogos.com/uploads/bmw-png/bmw-reviews-prices-specs-motor-4.png
BMW,3-Series,Medium car,Saloon,4,5,67566,https://www.freepnglogos.com/uploads/bmw-png/blue-bmw-coupe-car-png-image-pngpix-5.png
BMW,3-Series,Medium car,Saloon,4,5,31137,https://www.freepnglogos.com/uploads/bmw-png/bmw-flat-png-transparent-bmw-flat-images-pluspng-12.png
BMW,3-Series,Medium car,Saloon,4,5,29821,https://www.freepnglogos.com/uploads/bmw-png/bmw-reviews-and-rating-motor-trend-1.png
BMW,3-Series,Medium car,Saloon,4,5,64515,https://www.freepnglogos.com/uploads/bmw-png/bmw-reviews-new-used-models-motor-trend-3.png
BMW,3-Series,Medium car,Saloon,4,5,62985,https://www.freepnglogos.com/uploads/bmw-png/bmw-reviews-and-rating-motor-trend-29.png
BMW,3-Series,Medium car,Saloon,4,5,31371,https://www.freepnglogos.com/uploads/bmw-png/bmw-car-transparent-png-pictures-icons-and-png-31.png
BMW,3-Series,Medium car,Saloon,4,5,64709,https://www.freepnglogos.com/uploads/bmw-png/black-bmw-xdrive-car-png-image-pngpix-33.png
BMW,3-Series,Medium car,Saloon,4,5,70830,https://www.freepnglogos.com/uploads/bmw-png/technology-the-year-bmw-project-automobile-9.png
BMW,3-Series,Medium car,Saloon,4,5,45437,https://www.freepnglogos.com/uploads/bmw-png/bmw-reviews-prices-specs-motor-4.png
BMW,3-Series,Medium car,Saloon,4,5,40718,https://www.freepnglogos.com/uploads/bmw-png/blue-bmw-coupe-car-png-image-pngpix-5.png
BMW,3-Series,Medium car,Saloon,4,5,67102,https://www.freepnglogos.com/uploads/bmw-png/bmw-flat-png-transparent-bmw-flat-images-pluspng-12.png
BMW,3-Series,Medium car,Estate,5,5,56528,https://www.freepnglogos.com/uploads/bmw-png/bmw-reviews-and-rating-motor-trend-1.png
BMW,3-Series,Medium car,Estate,5,5,60594,https://www.freepnglogos.com/uploads/bmw-png/bmw-reviews-new-used-models-motor-trend-3.png
BMW,3-Series,Medium car,Estate,5,5,37499,https://www.freepnglogos.com/uploads/bmw-png/bmw-reviews-and-rating-motor-trend-29.png
BMW,3-Series,Medium car,Estate,5,5,25927,https://www.freepnglogos.com/uploads/bmw-png/bmw-car-transparent-png-pictures-icons-and-png-31.png
BMW,3-Series,Medium car,Estate,5,5,31996,https://www.freepnglogos.com/uploads/bmw-png/black-bmw-xdrive-car-png-image-pngpix-33.png
BMW,3-Series,Medium car,Estate,5,5,23572,https://www.freepnglogos.com/uploads/bmw-png/technology-the-year-bmw-project-automobile-9.png
BMW,3-Series,Medium car,Estate,5,5,65128,https://www.freepnglogos.com/uploads/bmw-png/bmw-reviews-prices-specs-motor-4.png
BMW,3-Series,Medium car,Estate,5,5,58792,https://www.freepnglogos.com/uploads/bmw-png/blue-bmw-coupe-car-png-image-pngpix-5.png
BMW,3-Series,Medium car,Estate,5,5,17565,https://www.freepnglogos.com/uploads/bmw-png/bmw-flat-png-transparent-bmw-flat-images-pluspng-12.png
BMW,3-Series,Medium car,Estate,5,5,74197,https://www.freepnglogos.com/uploads/bmw-png/bmw-reviews-and-rating-motor-trend-1.png
BMW,3-Series,Medium car,Estate,5,5,48486,https://www.freepnglogos.com/uploads/bmw-png/bmw-reviews-new-used-models-motor-trend-3.png
BMW,3-Series,Medium car,Estate,5,5,34594,https://www.freepnglogos.com/uploads/bmw-png/gold-bmw-car-png-image-pngpix-37.png
BMW,3-Series,Medium car,Estate,5,5,36298,https://www.freepnglogos.com/uploads/bmw-png/bmw-series-reviews-and-rating-motor-trend-canada-36.png
BMW,3-Series,Medium car,Estate,5,5,39743,https://www.freepnglogos.com/uploads/bmw-png/bmw-reviews-and-rating-motor-trend-1.png
BMW,3-Series,Medium car,Estate,5,5,58972,https://www.freepnglogos.com/uploads/bmw-png/bmw-reviews-new-used-models-motor-trend-3.png
BMW,3-Series,Medium car,Estate,5,5,62710,https://www.freepnglogos.com/uploads/bmw-png/bmw-reviews-and-rating-motor-trend-29.png
BMW,3-Series,Medium car,Estate,5,5,44181,https://www.freepnglogos.com/uploads/bmw-png/bmw-car-transparent-png-pictures-icons-and-png-31.png
BMW,3-Series,Medium car,Coupe,2,5,21152,https://www.freepnglogos.com/uploads/bmw-png/black-bmw-xdrive-car-png-image-pngpix-33.png
BMW,3-Series,Medium car,Coupe,2,5,69757,https://www.freepnglogos.com/uploads/bmw-png/technology-the-year-bmw-project-automobile-9.png
BMW,3-Series,Medium car,Coupe,2,5,32571,https://www.freepnglogos.com/uploads/bmw-png/bmw-reviews-prices-specs-motor-4.png
BMW,3-Series,Medium car,Coupe,2,5,27839,https://www.freepnglogos.com/uploads/bmw-png/blue-bmw-coupe-car-png-image-pngpix-5.png
BMW,3-Series,Medium car,Coupe,2,5,33274,https://www.freepnglogos.com/uploads/bmw-png/bmw-flat-png-transparent-bmw-flat-images-pluspng-12.png
BMW,3-Series,Medium car,Coupe,2,5,16179,https://www.freepnglogos.com/uploads/bmw-png/bmw-reviews-and-rating-motor-trend-1.png
BMW,3-Series,Medium car,Coupe,2,5,67430,https://www.freepnglogos.com/uploads/bmw-png/bmw-reviews-new-used-models-motor-trend-3.png
BMW,3-Series,Medium car,Coupe,2,5,48945,https://www.freepnglogos.com/uploads/bmw-png/bmw-reviews-and-rating-motor-trend-29.png
BMW,3-Series,Medium car,Coupe,2,5,17438,https://www.freepnglogos.com/uploads/bmw-png/bmw-car-transparent-png-pictures-icons-and-png-31.png
BMW,3-Series,Medium car,Coupe,2,5,65748,https://www.freepnglogos.com/uploads/bmw-png/black-bmw-xdrive-car-png-image-pngpix-33.png
BMW,3-Series,Medium car,Coupe,2,5,72107,https://www.freepnglogos.com/uploads/bmw-png/technology-the-year-bmw-project-automobile-9.png
BMW,3-Series,Medium car,Coupe,2,4,71161,https://www.freepnglogos.com/uploads/bmw-png/bmw-reviews-prices-specs-motor-4.png
BMW,3-Series,Medium car,Cabrio,2,4,27408,https://www.freepnglogos.com/uploads/bmw-png/blue-bmw-coupe-car-png-image-pngpix-5.png
BMW,3-Series,Medium car,Cabrio,2,4,65429,https://www.freepnglogos.com/uploads/bmw-png/bmw-flat-png-transparent-bmw-flat-images-pluspng-12.png
BMW,3-Series,Medium car,Cabrio,2,4,20453,https://www.freepnglogos.com/uploads/bmw-png/bmw-reviews-and-rating-motor-trend-1.png
BMW,3-Series,Medium car,Cabrio,2,4,50273,https://www.freepnglogos.com/uploads/bmw-png/bmw-reviews-new-used-models-motor-trend-3.png
BMW,3-Series,Medium car,Coupe,2,4,65748,https://www.freepnglogos.com/uploads/bmw-png/bmw-reviews-and-rating-motor-trend-29.png
BMW,3-Series,Medium car,Coupe,2,4,42968,https://www.freepnglogos.com/uploads/bmw-png/bmw-car-transparent-png-pictures-icons-and-png-31.png
BMW,3-Series,Medium car,Cabrio,2,4,71505,https://www.freepnglogos.com/uploads/bmw-png/black-bmw-xdrive-car-png-image-pngpix-33.png
BMW,3-Series,Medium car,Saloon,4,5,66051,https://www.freepnglogos.com/uploads/bmw-png/technology-the-year-bmw-project-automobile-9.png
BMW,3-Series,Medium car,Saloon,4,5,40511,https://www.freepnglogos.com/uploads/bmw-png/bmw-reviews-prices-specs-motor-4.png
BMW,3-Series,Medium car,Saloon,4,5,27073,https://www.freepnglogos.com/uploads/bmw-png/blue-bmw-coupe-car-png-image-pngpix-5.png
BMW,3-Series,Medium car,Saloon,4,5,42178,https://www.freepnglogos.com/uploads/bmw-png/bmw-flat-png-transparent-bmw-flat-images-pluspng-12.png
BMW,3-Series,Medium car,Saloon,4,5,16415,https://www.freepnglogos.com/uploads/bmw-png/bmw-reviews-and-rating-motor-trend-1.png
BMW,3-Series,Medium car,Saloon,4,5,24380,https://www.freepnglogos.com/uploads/bmw-png/bmw-reviews-new-used-models-motor-trend-3.png
BMW,3-Series,Medium car,Saloon,4,5,63235,https://www.freepnglogos.com/uploads/bmw-png/gold-bmw-car-png-image-pngpix-37.png
BMW,3-Series,Medium car,Saloon,4,5,17268,https://www.freepnglogos.com/uploads/bmw-png/bmw-series-reviews-and-rating-motor-trend-canada-36.png
BMW,3-Series,Medium car,Saloon,4,5,36231,https://www.freepnglogos.com/uploads/bmw-png/bmw-reviews-and-rating-motor-trend-1.png
BMW,3-Series,Medium car,Saloon,4,5,46273,https://www.freepnglogos.com/uploads/bmw-png/bmw-reviews-new-used-models-motor-trend-3.png
BMW,3-Series,Medium car,Saloon,4,5,58199,https://www.freepnglogos.com/uploads/bmw-png/bmw-reviews-and-rating-motor-trend-29.png
BMW,3-Series,Medium car,Saloon,4,5,50165,https://www.freepnglogos.com/uploads/bmw-png/bmw-car-transparent-png-pictures-icons-and-png-31.png
BMW,3-Series,Medium car,Saloon,4,5,36885,https://www.freepnglogos.com/uploads/bmw-png/black-bmw-xdrive-car-png-image-pngpix-33.png
BMW,3-Series,Medium car,Saloon,4,5,49497,https://www.freepnglogos.com/uploads/bmw-png/technology-the-year-bmw-project-automobile-9.png
BMW,3-Series,Medium car,Saloon,4,5,52414,https://www.freepnglogos.com/uploads/bmw-png/bmw-reviews-prices-specs-motor-4.png
BMW,3-Series,Medium car,Saloon,4,5,59786,https://www.freepnglogos.com/uploads/bmw-png/blue-bmw-coupe-car-png-image-pngpix-5.png
BMW,3-Series,Medium car,Saloon,4,5,71394,https://www.freepnglogos.com/uploads/bmw-png/bmw-flat-png-transparent-bmw-flat-images-pluspng-12.png
BMW,3-Series,Medium car,Saloon,4,5,36292,https://www.freepnglogos.com/uploads/bmw-png/bmw-reviews-and-rating-motor-trend-1.png
BMW,3-Series,Medium car,Saloon,4,5,62785,https://www.freepnglogos.com/uploads/bmw-png/bmw-reviews-new-used-models-motor-trend-3.png
BMW,3-Series,Medium car,Saloon,4,5,51971,https://www.freepnglogos.com/uploads/bmw-png/bmw-reviews-and-rating-motor-trend-29.png
BMW,3-Series,Medium car,Saloon,4,5,17907,https://www.freepnglogos.com/uploads/bmw-png/bmw-car-transparent-png-pictures-icons-and-png-31.png
BMW,3-Series,Medium car,Saloon,4,5,28057,https://www.freepnglogos.com/uploads/bmw-png/black-bmw-xdrive-car-png-image-pngpix-33.png
BMW,3-Series,Medium car,Saloon,4,5,72241,https://www.freepnglogos.com/uploads/bmw-png/technology-the-year-bmw-project-automobile-9.png
BMW,3-Series,Medium car,Saloon,4,5,55270,https://www.freepnglogos.com/uploads/bmw-png/bmw-reviews-prices-specs-motor-4.png
BMW,3-Series,Medium car,Saloon,4,5,38668,https://www.freepnglogos.com/uploads/bmw-png/blue-bmw-coupe-car-png-image-pngpix-5.png
BMW,3-Series,Medium car,Saloon,4,5,23867,https://www.freepnglogos.com/uploads/bmw-png/bmw-flat-png-transparent-bmw-flat-images-pluspng-12.png
BMW,3-Series,Medium car,Saloon,4,5,17002,https://www.freepnglogos.com/uploads/bmw-png/bmw-reviews-and-rating-motor-trend-1.png
BMW,3-Series,Medium car,Saloon,4,5,54878,https://www.freepnglogos.com/uploads/bmw-png/bmw-reviews-new-used-models-motor-trend-3.png
BMW,3-Series,Medium car,Saloon,4,5,69953,https://www.freepnglogos.com/uploads/bmw-png/bmw-reviews-and-rating-motor-trend-29.png
BMW,3-Series,Medium car,Saloon,4,5,36658,https://www.freepnglogos.com/uploads/bmw-png/bmw-car-transparent-png-pictures-icons-and-png-31.png
BMW,3-Series,Medium car,Saloon,4,5,57863,https://www.freepnglogos.com/uploads/bmw-png/black-bmw-xdrive-car-png-image-pngpix-33.png
BMW,3-Series,Medium car,Saloon,4,5,18401,https://www.freepnglogos.com/uploads/bmw-png/technology-the-year-bmw-project-automobile-9.png
BMW,3-Series,Medium car,Saloon,4,5,40104,https://www.freepnglogos.com/uploads/bmw-png/bmw-reviews-prices-specs-motor-4.png
BMW,3-Series,Medium car,Saloon,4,5,26161,https://www.freepnglogos.com/uploads/bmw-png/blue-bmw-coupe-car-png-image-pngpix-5.png
BMW,3-Series,Medium car,Saloon,4,5,55832,https://www.freepnglogos.com/uploads/bmw-png/bmw-flat-png-transparent-bmw-flat-images-pluspng-12.png
BMW,3-Series,Medium car,Saloon,4,5,31093,https://www.freepnglogos.com/uploads/bmw-png/bmw-reviews-and-rating-motor-trend-1.png
BMW,3-Series,Medium car,Saloon,4,5,29346,https://www.freepnglogos.com/uploads/bmw-png/bmw-reviews-new-used-models-motor-trend-3.png
BMW,3-Series,Medium car,Saloon,4,5,19278,https://www.freepnglogos.com/uploads/bmw-png/gold-bmw-car-png-image-pngpix-37.png
BMW,3-Series,Medium car,Saloon,4,5,34619,https://www.freepnglogos.com/uploads/bmw-png/bmw-series-reviews-and-rating-motor-trend-canada-36.png
BMW,3-Series,Medium car,Saloon,4,5,23179,https://www.freepnglogos.com/uploads/bmw-png/bmw-reviews-and-rating-motor-trend-1.png
BMW,3-Series,Medium car,Saloon,4,5,40918,https://www.freepnglogos.com/uploads/bmw-png/bmw-reviews-new-used-models-motor-trend-3.png
BMW,3-Series,Medium car,Saloon,4,5,71584,https://www.freepnglogos.com/uploads/bmw-png/bmw-reviews-and-rating-motor-trend-29.png
BMW,3-Series,Medium car,Saloon,4,5,43378,https://www.freepnglogos.com/uploads/bmw-png/bmw-car-transparent-png-pictures-icons-and-png-31.png
BMW,3-Series,Medium car,Saloon,4,5,34413,https://www.freepnglogos.com/uploads/bmw-png/black-bmw-xdrive-car-png-image-pngpix-33.png
BMW,3-Series,Medium car,Estate,5,5,60730,https://www.freepnglogos.com/uploads/bmw-png/technology-the-year-bmw-project-automobile-9.png
BMW,3-Series,Medium car,Estate,5,5,60907,https://www.freepnglogos.com/uploads/bmw-png/bmw-reviews-prices-specs-motor-4.png
BMW,3-Series,Medium car,Estate,5,5,57199,https://www.freepnglogos.com/uploads/bmw-png/blue-bmw-coupe-car-png-image-pngpix-5.png
BMW,3-Series,Medium car,Estate,5,5,29959,https://www.freepnglogos.com/uploads/bmw-png/bmw-flat-png-transparent-bmw-flat-images-pluspng-12.png
BMW,3-Series,Medium car,Estate,5,5,59628,https://www.freepnglogos.com/uploads/bmw-png/bmw-reviews-and-rating-motor-trend-1.png
BMW,3-Series,Medium car,Estate,5,5,50774,https://www.freepnglogos.com/uploads/bmw-png/bmw-reviews-new-used-models-motor-trend-3.png
BMW,3-Series,Medium car,Estate,5,5,49339,https://www.freepnglogos.com/uploads/bmw-png/bmw-reviews-and-rating-motor-trend-29.png
BMW,3-Series,Medium car,Estate,5,5,36678,https://www.freepnglogos.com/uploads/bmw-png/bmw-car-transparent-png-pictures-icons-and-png-31.png
BMW,3-Series,Medium car,Estate,5,5,62169,https://www.freepnglogos.com/uploads/bmw-png/black-bmw-xdrive-car-png-image-pngpix-33.png
BMW,3-Series,Medium car,Estate,5,5,68216,https://www.freepnglogos.com/uploads/bmw-png/technology-the-year-bmw-project-automobile-9.png
BMW,3-Series,Medium car,Estate,5,5,68337,https://www.freepnglogos.com/uploads/bmw-png/bmw-reviews-prices-specs-motor-4.png
BMW,3-Series,Medium car,Estate,5,5,36494,https://www.freepnglogos.com/uploads/bmw-png/blue-bmw-coupe-car-png-image-pngpix-5.png
BMW,3-Series,Medium car,Estate,5,5,33284,https://www.freepnglogos.com/uploads/bmw-png/bmw-flat-png-transparent-bmw-flat-images-pluspng-12.png
BMW,3-Series,Medium car,Estate,5,5,57811,https://www.freepnglogos.com/uploads/bmw-png/bmw-reviews-and-rating-motor-trend-1.png
BMW,3-Series,Medium car,Estate,5,5,71799,https://www.freepnglogos.com/uploads/bmw-png/bmw-reviews-new-used-models-motor-trend-3.png
BMW,3-Series,Medium car,Estate,5,5,28611,https://www.freepnglogos.com/uploads/bmw-png/bmw-reviews-and-rating-motor-trend-29.png
BMW,3-Series,Medium car,Estate,5,5,73451,https://www.freepnglogos.com/uploads/bmw-png/bmw-car-transparent-png-pictures-icons-and-png-31.png
BMW,3-Series,Medium car,Estate,5,5,58879,https://www.freepnglogos.com/uploads/bmw-png/black-bmw-xdrive-car-png-image-pngpix-33.png
BMW,3-Series,Medium car,Estate,5,5,17597,https://www.freepnglogos.com/uploads/bmw-png/technology-the-year-bmw-project-automobile-9.png
BMW,3-Series,Medium car,Estate,5,5,23583,https://www.freepnglogos.com/uploads/bmw-png/bmw-reviews-prices-specs-motor-4.png
BMW,3-Series,Medium car,Estate,5,5,63920,https://www.freepnglogos.com/uploads/bmw-png/blue-bmw-coupe-car-png-image-pngpix-5.png
BMW,3-Series,Medium car,Estate,5,5,19598,https://www.freepnglogos.com/uploads/bmw-png/bmw-flat-png-transparent-bmw-flat-images-pluspng-12.png
BMW,3-Series,Medium car,Estate,5,5,34559,https://www.freepnglogos.com/uploads/bmw-png/bmw-reviews-and-rating-motor-trend-1.png
BMW,3-Series,Medium car,Estate,5,5,57311,https://www.freepnglogos.com/uploads/bmw-png/bmw-reviews-new-used-models-motor-trend-3.png
BMW,3-Series,Medium car,Estate,5,5,22924,https://www.freepnglogos.com/uploads/bmw-png/gold-bmw-car-png-image-pngpix-37.png
BMW,3-Series,Medium car,Estate,5,5,43016,https://www.freepnglogos.com/uploads/bmw-png/bmw-series-reviews-and-rating-motor-trend-canada-36.png
BMW,3-Series,Medium car,Estate,5,5,20220,https://www.freepnglogos.com/uploads/bmw-png/bmw-reviews-and-rating-motor-trend-1.png
BMW,3-Series,Medium car,Estate,5,5,33978,https://www.freepnglogos.com/uploads/bmw-png/bmw-reviews-new-used-models-motor-trend-3.png
BMW,3-Series,Medium car,Estate,5,5,72372,https://www.freepnglogos.com/uploads/bmw-png/bmw-reviews-and-rating-motor-trend-29.png
BMW,3-Series,Medium car,Estate,5,5,47264,https://www.freepnglogos.com/uploads/bmw-png/bmw-car-transparent-png-pictures-icons-and-png-31.png
BMW,3-Series,Medium car,Estate,5,5,74262,https://www.freepnglogos.com/uploads/bmw-png/black-bmw-xdrive-car-png-image-pngpix-33.png
BMW,3-Series,Medium car,Estate,5,5,27348,https://www.freepnglogos.com/uploads/bmw-png/technology-the-year-bmw-project-automobile-9.png
BMW,3-Series,Medium car,Estate,5,5,23863,https://www.freepnglogos.com/uploads/bmw-png/bmw-reviews-prices-specs-motor-4.png
BMW,3-Series,Medium car,Estate,5,5,33322,https://www.freepnglogos.com/uploads/bmw-png/blue-bmw-coupe-car-png-image-pngpix-5.png
BMW,3-Series,Medium car,Estate,5,5,70272,https://www.freepnglogos.com/uploads/bmw-png/bmw-flat-png-transparent-bmw-flat-images-pluspng-12.png
BMW,3-Series,Medium car,Estate,5,5,24698,https://www.freepnglogos.com/uploads/bmw-png/bmw-reviews-and-rating-motor-trend-1.png
BMW,3-Series,Medium car,Estate,5,5,49649,https://www.freepnglogos.com/uploads/bmw-png/bmw-reviews-new-used-models-motor-trend-3.png
BMW,3-Series,Medium car,Coupe,2,4,24811,https://www.freepnglogos.com/uploads/bmw-png/bmw-reviews-and-rating-motor-trend-29.png
BMW,3-Series,Medium car,Coupe,2,4,64551,https://www.freepnglogos.com/uploads/bmw-png/bmw-car-transparent-png-pictures-icons-and-png-31.png
BMW,3-Series,Medium car,Coupe,2,4,27616,https://www.freepnglogos.com/uploads/bmw-png/black-bmw-xdrive-car-png-image-pngpix-33.png
BMW,3-Series,Medium car,Coupe,2,4,60187,https://www.freepnglogos.com/uploads/bmw-png/technology-the-year-bmw-project-automobile-9.png
BMW,3-Series,Medium car,Coupe,2,4,69095,https://www.freepnglogos.com/uploads/bmw-png/bmw-reviews-prices-specs-motor-4.png
BMW,3-Series,Medium car,Coupe,2,4,68997,https://www.freepnglogos.com/uploads/bmw-png/blue-bmw-coupe-car-png-image-pngpix-5.png
BMW,3-Series,Medium car,Coupe,2,4,71921,https://www.freepnglogos.com/uploads/bmw-png/bmw-flat-png-transparent-bmw-flat-images-pluspng-12.png
BMW,3-Series,Medium car,Coupe,2,4,23996,https://www.freepnglogos.com/uploads/bmw-png/bmw-reviews-and-rating-motor-trend-1.png
BMW,3-Series,Medium car,Coupe,2,4,38499,https://www.freepnglogos.com/uploads/bmw-png/bmw-reviews-new-used-models-motor-trend-3.png
BMW,3-Series,Medium car,Coupe,2,4,67165,https://www.freepnglogos.com/uploads/bmw-png/bmw-reviews-and-rating-motor-trend-29.png
BMW,3-Series,Medium car,Coupe,2,4,35753,https://www.freepnglogos.com/uploads/bmw-png/bmw-car-transparent-png-pictures-icons-and-png-31.png
BMW,3-Series,Medium car,Coupe,2,4,61821,https://www.freepnglogos.com/uploads/bmw-png/black-bmw-xdrive-car-png-image-pngpix-33.png
BMW,3-Series,Medium car,Coupe,2,4,22408,https://www.freepnglogos.com/uploads/bmw-png/technology-the-year-bmw-project-automobile-9.png
BMW,3-Series,Medium car,Coupe,2,4,47153,https://www.freepnglogos.com/uploads/bmw-png/bmw-reviews-prices-specs-motor-4.png
BMW,3-Series,Medium car,Coupe,2,4,68130,https://www.freepnglogos.com/uploads/bmw-png/blue-bmw-coupe-car-png-image-pngpix-5.png
BMW,3-Series,Medium car,Coupe,2,4,73673,https://www.freepnglogos.com/uploads/bmw-png/bmw-flat-png-transparent-bmw-flat-images-pluspng-12.png
BMW,3-Series,Medium car,Coupe,2,4,56230,https://www.freepnglogos.com/uploads/bmw-png/bmw-reviews-and-rating-motor-trend-1.png
BMW,3-Series,Medium car,Coupe,2,4,25808,https://www.freepnglogos.com/uploads/bmw-png/bmw-reviews-new-used-models-motor-trend-3.png
BMW,3-Series,Medium car,Coupe,2,4,40621,https://www.freepnglogos.com/uploads/bmw-png/gold-bmw-car-png-image-pngpix-37.png
BMW,3-Series,Medium car,Coupe,2,4,58893,https://www.freepnglogos.com/uploads/bmw-png/bmw-series-reviews-and-rating-motor-trend-canada-36.png
BMW,3-Series,Medium car,Coupe,2,4,57712,https://www.freepnglogos.com/uploads/bmw-png/bmw-reviews-and-rating-motor-trend-1.png
BMW,3-Series,Medium car,Coupe,2,4,63097,https://www.freepnglogos.com/uploads/bmw-png/bmw-reviews-new-used-models-motor-trend-3.png
BMW,3-Series,Medium car,Coupe,2,4,18845,https://www.freepnglogos.com/uploads/bmw-png/bmw-reviews-and-rating-motor-trend-29.png
BMW,3-Series,Medium car,Coupe,2,4,64496,https://www.freepnglogos.com/uploads/bmw-png/bmw-car-transparent-png-pictures-icons-and-png-31.png
BMW,3-Series,Medium car,Coupe,2,4,39127,https://www.freepnglogos.com/uploads/bmw-png/black-bmw-xdrive-car-png-image-pngpix-33.png
BMW,3-Series,Medium car,Coupe,2,4,58524,https://www.freepnglogos.com/uploads/bmw-png/technology-the-year-bmw-project-automobile-9.png
BMW,3-Series,Medium car,Cabrio,2,4,66518,https://www.freepnglogos.com/uploads/bmw-png/bmw-reviews-prices-specs-motor-4.png
BMW,3-Series,Medium car,Cabrio,2,4,58217,https://www.freepnglogos.com/uploads/bmw-png/blue-bmw-coupe-car-png-image-pngpix-5.png
BMW,3-Series,Medium car,Cabrio,2,4,70362,https://www.freepnglogos.com/uploads/bmw-png/bmw-flat-png-transparent-bmw-flat-images-pluspng-12.png
BMW,3-Series,Medium car,Cabrio,2,4,40954,https://www.freepnglogos.com/uploads/bmw-png/bmw-reviews-and-rating-motor-trend-1.png
BMW,3-Series,Medium car,Cabrio,2,4,72914,https://www.freepnglogos.com/uploads/bmw-png/bmw-reviews-new-used-models-motor-trend-3.png
BMW,3-Series,Medium car,Cabrio,2,4,57525,https://www.freepnglogos.com/uploads/bmw-png/bmw-reviews-and-rating-motor-trend-29.png
BMW,3-Series,Medium car,Cabrio,2,4,47674,https://www.freepnglogos.com/uploads/bmw-png/bmw-car-transparent-png-pictures-icons-and-png-31.png
BMW,3-Series,Medium car,Cabrio,2,4,36523,https://www.freepnglogos.com/uploads/bmw-png/black-bmw-xdrive-car-png-image-pngpix-33.png
BMW,3-Series,Medium car,Cabrio,2,4,73658,https://www.freepnglogos.com/uploads/bmw-png/technology-the-year-bmw-project-automobile-9.png
BMW,3-Series,Medium car,Cabrio,2,4,32883,https://www.freepnglogos.com/uploads/bmw-png/bmw-reviews-prices-specs-motor-4.png
BMW,3-Series,Medium car,Cabrio,2,4,20823,https://www.freepnglogos.com/uploads/bmw-png/blue-bmw-coupe-car-png-image-pngpix-5.png
BMW,3-Series,Medium car,Cabrio,2,4,58518,https://www.freepnglogos.com/uploads/bmw-png/bmw-flat-png-transparent-bmw-flat-images-pluspng-12.png
BMW,3-Series,Medium car,Saloon,4,5,42916,https://www.freepnglogos.com/uploads/bmw-png/bmw-reviews-and-rating-motor-trend-1.png
BMW,3-Series,Medium car,Saloon,4,5,45836,https://www.freepnglogos.com/uploads/bmw-png/bmw-reviews-new-used-models-motor-trend-3.png
BMW,3-Series,Medium car,Saloon,4,5,43081,https://www.freepnglogos.com/uploads/bmw-png/bmw-reviews-and-rating-motor-trend-29.png
BMW,3-Series,Medium car,Saloon,4,5,65715,https://www.freepnglogos.com/uploads/bmw-png/bmw-car-transparent-png-pictures-icons-and-png-31.png
BMW,3-Series,Medium car,Saloon,4,5,69680,https://www.freepnglogos.com/uploads/bmw-png/black-bmw-xdrive-car-png-image-pngpix-33.png
BMW,3-Series,Medium car,Saloon,4,5,68351,https://www.freepnglogos.com/uploads/bmw-png/technology-the-year-bmw-project-automobile-9.png
BMW,3-Series,Medium car,Saloon,4,5,29418,https://www.freepnglogos.com/uploads/bmw-png/bmw-reviews-prices-specs-motor-4.png
BMW,3-Series,Medium car,Saloon,4,5,54120,https://www.freepnglogos.com/uploads/bmw-png/blue-bmw-coupe-car-png-image-pngpix-5.png
BMW,3-Series,Medium car,Saloon,4,5,64261,https://www.freepnglogos.com/uploads/bmw-png/bmw-flat-png-transparent-bmw-flat-images-pluspng-12.png
BMW,3-Series,Medium car,Saloon,4,5,69602,https://www.freepnglogos.com/uploads/bmw-png/bmw-reviews-and-rating-motor-trend-1.png
BMW,3-Series,Medium car,Saloon,4,5,37037,https://www.freepnglogos.com/uploads/bmw-png/bmw-reviews-new-used-models-motor-trend-3.png
BMW,3-Series,Medium car,Saloon,4,5,39385,https://www.freepnglogos.com/uploads/bmw-png/gold-bmw-car-png-image-pngpix-37.png
BMW,3-Series,Medium car,Saloon,4,5,49242,https://www.freepnglogos.com/uploads/bmw-png/bmw-series-reviews-and-rating-motor-trend-canada-36.png
BMW,3-Series,Medium car,Saloon,4,5,34551,https://www.freepnglogos.com/uploads/bmw-png/bmw-reviews-and-rating-motor-trend-1.png
BMW,3-Series,Medium car,Saloon,4,5,44699,https://www.freepnglogos.com/uploads/bmw-png/bmw-reviews-new-used-models-motor-trend-3.png
BMW,3-Series,Medium car,Saloon,4,5,49234,https://www.freepnglogos.com/uploads/bmw-png/bmw-reviews-and-rating-motor-trend-29.png
BMW,3-Series,Medium car,Saloon,4,5,37636,https://www.freepnglogos.com/uploads/bmw-png/bmw-car-transparent-png-pictures-icons-and-png-31.png
BMW,3-Series,Medium car,Saloon,4,5,52228,https://www.freepnglogos.com/uploads/bmw-png/black-bmw-xdrive-car-png-image-pngpix-33.png
BMW,3-Series,Medium car,Saloon,4,5,53404,https://www.freepnglogos.com/uploads/bmw-png/technology-the-year-bmw-project-automobile-9.png
BMW,3-Series,Medium car,Saloon,4,5,55691,https://www.freepnglogos.com/uploads/bmw-png/bmw-reviews-prices-specs-motor-4.png
BMW,3-Series,Medium car,Saloon,4,5,29080,https://www.freepnglogos.com/uploads/bmw-png/blue-bmw-coupe-car-png-image-pngpix-5.png
BMW,3-Series,Medium car,Saloon,4,5,41201,https://www.freepnglogos.com/uploads/bmw-png/bmw-flat-png-transparent-bmw-flat-images-pluspng-12.png
BMW,3-Series,Medium car,Saloon,4,5,16612,https://www.freepnglogos.com/uploads/bmw-png/bmw-reviews-and-rating-motor-trend-1.png
BMW,3-Series,Medium car,Saloon,4,5,56682,https://www.freepnglogos.com/uploads/bmw-png/bmw-reviews-new-used-models-motor-trend-3.png
BMW,3-Series,Medium car,Saloon,4,5,42546,https://www.freepnglogos.com/uploads/bmw-png/bmw-reviews-and-rating-motor-trend-29.png
BMW,3-Series,Medium car,Saloon,4,5,40679,https://www.freepnglogos.com/uploads/bmw-png/bmw-car-transparent-png-pictures-icons-and-png-31.png
BMW,3-Series,Medium car,Saloon,4,5,26901,https://www.freepnglogos.com/uploads/bmw-png/black-bmw-xdrive-car-png-image-pngpix-33.png
BMW,3-Series,Medium car,Saloon,4,5,16370,https://www.freepnglogos.com/uploads/bmw-png/technology-the-year-bmw-project-automobile-9.png
BMW,3-Series,Medium car,Saloon,4,5,23298,https://www.freepnglogos.com/uploads/bmw-png/bmw-reviews-prices-specs-motor-4.png
BMW,3-Series,Medium car,Saloon,4,5,62003,https://www.freepnglogos.com/uploads/bmw-png/blue-bmw-coupe-car-png-image-pngpix-5.png
BMW,3-Series,Medium car,Saloon,4,5,29839,https://www.freepnglogos.com/uploads/bmw-png/bmw-flat-png-transparent-bmw-flat-images-pluspng-12.png
BMW,3-Series,Medium car,Saloon,4,5,54931,https://www.freepnglogos.com/uploads/bmw-png/bmw-reviews-and-rating-motor-trend-1.png
BMW,3-Series,Medium car,Saloon,4,5,17997,https://www.freepnglogos.com/uploads/bmw-png/bmw-reviews-new-used-models-motor-trend-3.png
BMW,3-Series,Medium car,Saloon,4,5,72443,https://www.freepnglogos.com/uploads/bmw-png/bmw-reviews-and-rating-motor-trend-29.png
BMW,3-Series,Medium car,Saloon,4,5,68419,https://www.freepnglogos.com/uploads/bmw-png/bmw-car-transparent-png-pictures-icons-and-png-31.png
BMW,3-Series,Medium car,Saloon,4,5,56125,https://www.freepnglogos.com/uploads/bmw-png/black-bmw-xdrive-car-png-image-pngpix-33.png
BMW,3-Series,Medium car,Saloon,4,5,71226,https://www.freepnglogos.com/uploads/bmw-png/technology-the-year-bmw-project-automobile-9.png
BMW,3-Series,Medium car,Saloon,4,5,42609,https://www.freepnglogos.com/uploads/bmw-png/bmw-reviews-prices-specs-motor-4.png
BMW,3-Series,Medium car,Saloon,4,5,21488,https://www.freepnglogos.com/uploads/bmw-png/blue-bmw-coupe-car-png-image-pngpix-5.png
BMW,3-Series,Medium car,Saloon,4,5,20288,https://www.freepnglogos.com/uploads/bmw-png/bmw-flat-png-transparent-bmw-flat-images-pluspng-12.png
BMW,3-Series,Medium car,Saloon,4,5,48098,https://www.freepnglogos.com/uploads/bmw-png/bmw-reviews-and-rating-motor-trend-1.png
BMW,3-Series,Medium car,Saloon,4,5,28701,https://www.freepnglogos.com/uploads/bmw-png/bmw-reviews-new-used-models-motor-trend-3.png
BMW,3-Series,Medium car,Saloon,4,5,22715,https://www.freepnglogos.com/uploads/bmw-png/gold-bmw-car-png-image-pngpix-37.png
BMW,3-Series,Medium car,Saloon,4,5,42586,https://www.freepnglogos.com/uploads/bmw-png/bmw-series-reviews-and-rating-motor-trend-canada-36.png
BMW,3-Series,Medium car,Estate,5,5,24424,https://www.freepnglogos.com/uploads/bmw-png/bmw-reviews-and-rating-motor-trend-1.png
BMW,3-Series,Medium car,Estate,5,5,35864,https://www.freepnglogos.com/uploads/bmw-png/bmw-reviews-new-used-models-motor-trend-3.png
BMW,3-Series,Medium car,Estate,5,5,51095,https://www.freepnglogos.com/uploads/bmw-png/bmw-reviews-and-rating-motor-trend-29.png
BMW,3-Series,Medium car,Estate,5,5,56842,https://www.freepnglogos.com/uploads/bmw-png/bmw-car-transparent-png-pictures-icons-and-png-31.png
BMW,3-Series,Medium car,Estate,5,5,53081,https://www.freepnglogos.com/uploads/bmw-png/black-bmw-xdrive-car-png-image-pngpix-33.png
BMW,3-Series,Medium car,Estate,5,5,49563,https://www.freepnglogos.com/uploads/bmw-png/technology-the-year-bmw-project-automobile-9.png
BMW,3-Series,Medium car,Estate,5,5,28994,https://www.freepnglogos.com/uploads/bmw-png/bmw-reviews-prices-specs-motor-4.png
BMW,3-Series,Medium car,Estate,5,5,45546,https://www.freepnglogos.com/uploads/bmw-png/blue-bmw-coupe-car-png-image-pngpix-5.png
BMW,3-Series,Medium car,Estate,5,5,21553,https://www.freepnglogos.com/uploads/bmw-png/bmw-flat-png-transparent-bmw-flat-images-pluspng-12.png
BMW,3-Series,Medium car,Estate,5,5,42630,https://www.freepnglogos.com/uploads/bmw-png/bmw-reviews-and-rating-motor-trend-1.png
BMW,3-Series,Medium car,Estate,5,5,53348,https://www.freepnglogos.com/uploads/bmw-png/bmw-reviews-new-used-models-motor-trend-3.png
BMW,3-Series,Medium car,Estate,5,5,35894,https://www.freepnglogos.com/uploads/bmw-png/bmw-reviews-and-rating-motor-trend-29.png
BMW,3-Series,Medium car,Estate,5,5,38912,https://www.freepnglogos.com/uploads/bmw-png/bmw-car-transparent-png-pictures-icons-and-png-31.png
BMW,3-Series,Medium car,Estate,5,5,22670,https://www.freepnglogos.com/uploads/bmw-png/black-bmw-xdrive-car-png-image-pngpix-33.png
BMW,3-Series,Medium car,Estate,5,5,31021,https://www.freepnglogos.com/uploads/bmw-png/technology-the-year-bmw-project-automobile-9.png
BMW,3-Series,Medium car,Estate,5,5,74221,https://www.freepnglogos.com/uploads/bmw-png/bmw-reviews-prices-specs-motor-4.png
BMW,3-Series,Medium car,Estate,5,5,63863,https://www.freepnglogos.com/uploads/bmw-png/blue-bmw-coupe-car-png-image-pngpix-5.png
BMW,3-Series,Medium car,Estate,5,5,66008,https://www.freepnglogos.com/uploads/bmw-png/bmw-flat-png-transparent-bmw-flat-images-pluspng-12.png
BMW,3-Series,Medium car,Estate,5,5,24177,https://www.freepnglogos.com/uploads/bmw-png/bmw-reviews-and-rating-motor-trend-1.png
BMW,3-Series,Medium car,Estate,5,5,56734,https://www.freepnglogos.com/uploads/bmw-png/bmw-reviews-new-used-models-motor-trend-3.png
BMW,3-Series,Medium car,Estate,5,5,36212,https://www.freepnglogos.com/uploads/bmw-png/bmw-reviews-and-rating-motor-trend-29.png
BMW,3-Series,Medium car,Estate,5,5,62766,https://www.freepnglogos.com/uploads/bmw-png/bmw-car-transparent-png-pictures-icons-and-png-31.png
BMW,3-Series,Medium car,Estate,5,5,20560,https://www.freepnglogos.com/uploads/bmw-png/black-bmw-xdrive-car-png-image-pngpix-33.png
BMW,3-Series,Medium car,Estate,5,5,36654,https://www.freepnglogos.com/uploads/bmw-png/technology-the-year-bmw-project-automobile-9.png
BMW,3-Series,Medium car,Estate,5,5,32932,https://www.freepnglogos.com/uploads/bmw-png/bmw-reviews-prices-specs-motor-4.png
BMW,3-Series,Medium car,Estate,5,5,38236,https://www.freepnglogos.com/uploads/bmw-png/blue-bmw-coupe-car-png-image-pngpix-5.png
BMW,3-Series,Medium car,Estate,5,5,42527,https://www.freepnglogos.com/uploads/bmw-png/bmw-flat-png-transparent-bmw-flat-images-pluspng-12.png
BMW,3-Series,Medium car,Estate,5,5,40902,https://www.freepnglogos.com/uploads/bmw-png/bmw-reviews-and-rating-motor-trend-1.png
BMW,3-Series,Medium car,Estate,5,5,73037,https://www.freepnglogos.com/uploads/bmw-png/bmw-reviews-new-used-models-motor-trend-3.png
BMW,3-Series,Medium car,Estate,5,5,28828,https://www.freepnglogos.com/uploads/bmw-png/gold-bmw-car-png-image-pngpix-37.png
BMW,3-Series,Medium car,Estate,5,5,16990,https://www.freepnglogos.com/uploads/bmw-png/bmw-series-reviews-and-rating-motor-trend-canada-36.png
BMW,3-Series,Medium car,Estate,5,5,58762,https://www.freepnglogos.com/uploads/bmw-png/bmw-reviews-and-rating-motor-trend-1.png
BMW,3-Series,Medium car,Estate,5,5,52679,https://www.freepnglogos.com/uploads/bmw-png/bmw-reviews-new-used-models-motor-trend-3.png
BMW,3-Series,Medium car,Estate,5,5,18847,https://www.freepnglogos.com/uploads/bmw-png/bmw-reviews-and-rating-motor-trend-29.png
BMW,3-Series,Medium car,Estate,5,5,73211,https://www.freepnglogos.com/uploads/bmw-png/bmw-car-transparent-png-pictures-icons-and-png-31.png
BMW,3-Series,Medium car,Estate,5,5,37403,https://www.freepnglogos.com/uploads/bmw-png/black-bmw-xdrive-car-png-image-pngpix-33.png
BMW,3-Series,Medium car,Estate,5,5,53857,https://www.freepnglogos.com/uploads/bmw-png/technology-the-year-bmw-project-automobile-9.png
BMW,3-Series,Medium car,Estate,5,5,32586,https://www.freepnglogos.com/uploads/bmw-png/bmw-reviews-prices-specs-motor-4.png
BMW,3-Series,Medium car,Liftback,5,5,63019,https://www.freepnglogos.com/uploads/bmw-png/blue-bmw-coupe-car-png-image-pngpix-5.png
BMW,3-Series,Medium car,Liftback,5,5,67826,https://www.freepnglogos.com/uploads/bmw-png/bmw-flat-png-transparent-bmw-flat-images-pluspng-12.png
BMW,3-Series,Medium car,Liftback,5,5,17639,https://www.freepnglogos.com/uploads/bmw-png/bmw-reviews-and-rating-motor-trend-1.png
BMW,3-Series,Medium car,Liftback,5,5,54525,https://www.freepnglogos.com/uploads/bmw-png/bmw-reviews-new-used-models-motor-trend-3.png
BMW,3-Series,Medium car,Liftback,5,5,66775,https://www.freepnglogos.com/uploads/bmw-png/bmw-reviews-and-rating-motor-trend-29.png
BMW,3-Series,Medium car,Liftback,5,5,40577,https://www.freepnglogos.com/uploads/bmw-png/bmw-car-transparent-png-pictures-icons-and-png-31.png
BMW,3-Series,Medium car,Liftback,5,5,16409,https://www.freepnglogos.com/uploads/bmw-png/black-bmw-xdrive-car-png-image-pngpix-33.png
BMW,3-Series,Medium car,Liftback,5,5,23314,https://www.freepnglogos.com/uploads/bmw-png/technology-the-year-bmw-project-automobile-9.png
BMW,3-Series,Medium car,Liftback,5,5,58925,https://www.freepnglogos.com/uploads/bmw-png/bmw-reviews-prices-specs-motor-4.png
BMW,3-Series,Medium car,Liftback,5,5,59727,https://www.freepnglogos.com/uploads/bmw-png/blue-bmw-coupe-car-png-image-pngpix-5.png
BMW,3-Series,Medium car,Liftback,5,5,42574,https://www.freepnglogos.com/uploads/bmw-png/bmw-flat-png-transparent-bmw-flat-images-pluspng-12.png
BMW,3-Series,Medium car,Liftback,5,5,55610,https://www.freepnglogos.com/uploads/bmw-png/bmw-reviews-and-rating-motor-trend-1.png
BMW,3-Series,Medium car,Liftback,5,5,32038,https://www.freepnglogos.com/uploads/bmw-png/bmw-reviews-new-used-models-motor-trend-3.png
BMW,3-Series,Medium car,Liftback,5,5,52782,https://www.freepnglogos.com/uploads/bmw-png/bmw-reviews-and-rating-motor-trend-29.png
BMW,3-Series,Medium car,Liftback,5,5,51489,https://www.freepnglogos.com/uploads/bmw-png/bmw-car-transparent-png-pictures-icons-and-png-31.png
BMW,3-Series,Medium car,Liftback,5,5,16640,https://www.freepnglogos.com/uploads/bmw-png/black-bmw-xdrive-car-png-image-pngpix-33.png
BMW,3-Series,Medium car,Liftback,5,5,67783,https://www.freepnglogos.com/uploads/bmw-png/technology-the-year-bmw-project-automobile-9.png
BMW,3-Series,Medium car,Liftback,5,5,66743,https://www.freepnglogos.com/uploads/bmw-png/bmw-reviews-prices-specs-motor-4.png
BMW,3-Series,Medium car,Liftback,5,5,43453,https://www.freepnglogos.com/uploads/bmw-png/blue-bmw-coupe-car-png-image-pngpix-5.png
BMW,3-Series,Medium car,Liftback,5,5,73231,https://www.freepnglogos.com/uploads/bmw-png/bmw-flat-png-transparent-bmw-flat-images-pluspng-12.png
BMW,3-Series,Medium car,Liftback,5,5,66560,https://www.freepnglogos.com/uploads/bmw-png/bmw-reviews-and-rating-motor-trend-1.png
BMW,3-Series,Medium car,Liftback,5,5,45856,https://www.freepnglogos.com/uploads/bmw-png/bmw-reviews-new-used-models-motor-trend-3.png
BMW,3-Series,Medium car,Liftback,5,5,60780,https://www.freepnglogos.com/uploads/bmw-png/gold-bmw-car-png-image-pngpix-37.png
BMW,3-Series,Medium car,Liftback,5,5,43541,https://www.freepnglogos.com/uploads/bmw-png/bmw-series-reviews-and-rating-motor-trend-canada-36.png
BMW,3-Series,Medium car,Liftback,5,5,22337,https://www.freepnglogos.com/uploads/bmw-png/bmw-reviews-and-rating-motor-trend-1.png
BMW,3-Series,Medium car,Liftback,5,5,17850,https://www.freepnglogos.com/uploads/bmw-png/bmw-reviews-new-used-models-motor-trend-3.png
BMW,3-Series,Medium car,Liftback,5,5,26134,https://www.freepnglogos.com/uploads/bmw-png/bmw-reviews-and-rating-motor-trend-29.png
BMW,3-Series,Medium car,Liftback,5,5,47626,https://www.freepnglogos.com/uploads/bmw-png/bmw-car-transparent-png-pictures-icons-and-png-31.png
BMW,3-Series,Medium car,Liftback,5,5,47577,https://www.freepnglogos.com/uploads/bmw-png/black-bmw-xdrive-car-png-image-pngpix-33.png
BMW,4-Series,Medium car,Coupe,2,4,64030,https://www.freepnglogos.com/uploads/bmw-png/technology-the-year-bmw-project-automobile-9.png
BMW,4-Series,Medium car,Coupe,2,4,28037,https://www.freepnglogos.com/uploads/bmw-png/bmw-reviews-prices-specs-motor-4.png
BMW,4-Series,Medium car,Coupe,2,4,17995,https://www.freepnglogos.com/uploads/bmw-png/blue-bmw-coupe-car-png-image-pngpix-5.png
BMW,4-Series,Medium car,Coupe,2,4,28351,https://www.freepnglogos.com/uploads/bmw-png/bmw-flat-png-transparent-bmw-flat-images-pluspng-12.png
BMW,4-Series,Medium car,Coupe,2,4,22195,https://www.freepnglogos.com/uploads/bmw-png/bmw-reviews-and-rating-motor-trend-1.png
BMW,4-Series,Medium car,Coupe,2,4,67400,https://www.freepnglogos.com/uploads/bmw-png/bmw-reviews-new-used-models-motor-trend-3.png
BMW,4-Series,Medium car,Coupe,2,4,15067,https://www.freepnglogos.com/uploads/bmw-png/bmw-reviews-and-rating-motor-trend-29.png
BMW,4-Series,Medium car,Coupe,2,4,36392,https://www.freepnglogos.com/uploads/bmw-png/bmw-car-transparent-png-pictures-icons-and-png-31.png
BMW,4-Series,Medium car,Coupe,2,4,38387,https://www.freepnglogos.com/uploads/bmw-png/black-bmw-xdrive-car-png-image-pngpix-33.png
BMW,4-Series,Medium car,Coupe,2,4,66930,https://www.freepnglogos.com/uploads/bmw-png/technology-the-year-bmw-project-automobile-9.png
BMW,4-Series,Medium car,Coupe,2,4,54555,https://www.freepnglogos.com/uploads/bmw-png/bmw-reviews-prices-specs-motor-4.png
BMW,4-Series,Medium car,Coupe,2,4,39096,https://www.freepnglogos.com/uploads/bmw-png/blue-bmw-coupe-car-png-image-pngpix-5.png
BMW,4-Series,Medium car,Coupe,2,4,70938,https://www.freepnglogos.com/uploads/bmw-png/bmw-flat-png-transparent-bmw-flat-images-pluspng-12.png
BMW,4-Series,Medium car,Coupe,2,4,40935,https://www.freepnglogos.com/uploads/bmw-png/bmw-reviews-and-rating-motor-trend-1.png
BMW,4-Series,Medium car,Coupe,2,4,22107,https://www.freepnglogos.com/uploads/bmw-png/bmw-reviews-new-used-models-motor-trend-3.png
BMW,4-Series,Medium car,Coupe,2,4,73177,https://www.freepnglogos.com/uploads/bmw-png/bmw-reviews-and-rating-motor-trend-29.png
BMW,4-Series,Medium car,Coupe,2,4,29133,https://www.freepnglogos.com/uploads/bmw-png/bmw-car-transparent-png-pictures-icons-and-png-31.png
BMW,4-Series,Medium car,Coupe,2,4,53064,https://www.freepnglogos.com/uploads/bmw-png/black-bmw-xdrive-car-png-image-pngpix-33.png
BMW,4-Series,Medium car,Coupe,2,4,36080,https://www.freepnglogos.com/uploads/bmw-png/technology-the-year-bmw-project-automobile-9.png
BMW,4-Series,Medium car,Coupe,2,4,31988,https://www.freepnglogos.com/uploads/bmw-png/bmw-reviews-prices-specs-motor-4.png
BMW,4-Series,Medium car,Coupe,2,4,49132,https://www.freepnglogos.com/uploads/bmw-png/blue-bmw-coupe-car-png-image-pngpix-5.png
BMW,4-Series,Medium car,Coupe,2,4,36526,https://www.freepnglogos.com/uploads/bmw-png/bmw-flat-png-transparent-bmw-flat-images-pluspng-12.png
BMW,4-Series,Medium car,Coupe,2,4,27268,https://www.freepnglogos.com/uploads/bmw-png/bmw-reviews-and-rating-motor-trend-1.png
BMW,4-Series,Medium car,Coupe,2,4,21716,https://www.freepnglogos.com/uploads/bmw-png/bmw-reviews-new-used-models-motor-trend-3.png
BMW,4-Series,Medium car,Coupe,2,4,63472,https://www.freepnglogos.com/uploads/bmw-png/gold-bmw-car-png-image-pngpix-37.png
BMW,4-Series,Medium car,Coupe,2,4,71568,https://www.freepnglogos.com/uploads/bmw-png/bmw-series-reviews-and-rating-motor-trend-canada-36.png
BMW,4-Series,Medium car,Coupe,2,4,27284,https://www.freepnglogos.com/uploads/bmw-png/bmw-reviews-and-rating-motor-trend-1.png
BMW,4-Series,Medium car,Cabrio,2,4,47758,https://www.freepnglogos.com/uploads/bmw-png/bmw-reviews-new-used-models-motor-trend-3.png
BMW,4-Series,Medium car,Cabrio,2,4,15816,https://www.freepnglogos.com/uploads/bmw-png/bmw-reviews-and-rating-motor-trend-29.png
BMW,4-Series,Medium car,Cabrio,2,4,42710,https://www.freepnglogos.com/uploads/bmw-png/bmw-car-transparent-png-pictures-icons-and-png-31.png
BMW,4-Series,Medium car,Cabrio,2,4,66551,https://www.freepnglogos.com/uploads/bmw-png/black-bmw-xdrive-car-png-image-pngpix-33.png
BMW,4-Series,Medium car,Cabrio,2,4,30674,https://www.freepnglogos.com/uploads/bmw-png/technology-the-year-bmw-project-automobile-9.png
BMW,4-Series,Medium car,Cabrio,2,4,70573,https://www.freepnglogos.com/uploads/bmw-png/bmw-reviews-prices-specs-motor-4.png
BMW,4-Series,Medium car,Cabrio,2,4,57349,https://www.freepnglogos.com/uploads/bmw-png/blue-bmw-coupe-car-png-image-pngpix-5.png
BMW,4-Series,Medium car,Cabrio,2,4,60265,https://www.freepnglogos.com/uploads/bmw-png/bmw-flat-png-transparent-bmw-flat-images-pluspng-12.png
BMW,4-Series,Medium car,Cabrio,2,4,62198,https://www.freepnglogos.com/uploads/bmw-png/bmw-reviews-and-rating-motor-trend-1.png
BMW,4-Series,Medium car,Cabrio,2,4,60711,https://www.freepnglogos.com/uploads/bmw-png/bmw-reviews-new-used-models-motor-trend-3.png
BMW,4-Series,Medium car,Cabrio,2,4,34010,https://www.freepnglogos.com/uploads/bmw-png/bmw-reviews-and-rating-motor-trend-29.png
BMW,4-Series,Medium car,Cabrio,2,4,52812,https://www.freepnglogos.com/uploads/bmw-png/bmw-car-transparent-png-pictures-icons-and-png-31.png
BMW,4-Series,Medium car,Cabrio,2,4,22306,https://www.freepnglogos.com/uploads/bmw-png/black-bmw-xdrive-car-png-image-pngpix-33.png
BMW,4-Series,Medium car,Cabrio,2,4,66963,https://www.freepnglogos.com/uploads/bmw-png/technology-the-year-bmw-project-automobile-9.png
BMW,4-Series,Medium car,Cabrio,2,4,73653,https://www.freepnglogos.com/uploads/bmw-png/bmw-reviews-prices-specs-motor-4.png
BMW,4-Series,Medium car,Cabrio,2,4,26026,https://www.freepnglogos.com/uploads/bmw-png/blue-bmw-coupe-car-png-image-pngpix-5.png
BMW,4-Series,Medium car,Cabrio,2,4,43936,https://www.freepnglogos.com/uploads/bmw-png/bmw-flat-png-transparent-bmw-flat-images-pluspng-12.png
BMW,4-Series,Medium car,Cabrio,2,4,59781,https://www.freepnglogos.com/uploads/bmw-png/bmw-reviews-and-rating-motor-trend-1.png
BMW,4-Series,Medium car,Coupe,5,5,71816,https://www.freepnglogos.com/uploads/bmw-png/bmw-reviews-new-used-models-motor-trend-3.png
BMW,4-Series,Medium car,Coupe,5,5,22620,https://www.freepnglogos.com/uploads/bmw-png/bmw-reviews-and-rating-motor-trend-29.png
BMW,4-Series,Medium car,Coupe,5,5,50442,https://www.freepnglogos.com/uploads/bmw-png/bmw-car-transparent-png-pictures-icons-and-png-31.png
BMW,4-Series,Medium car,Coupe,5,5,18883,https://www.freepnglogos.com/uploads/bmw-png/black-bmw-xdrive-car-png-image-pngpix-33.png
BMW,4-Series,Medium car,Coupe,5,5,29132,https://www.freepnglogos.com/uploads/bmw-png/technology-the-year-bmw-project-automobile-9.png
BMW,4-Series,Medium car,Coupe,5,5,42681,https://www.freepnglogos.com/uploads/bmw-png/bmw-reviews-prices-specs-motor-4.png
BMW,4-Series,Medium car,Coupe,5,5,56782,https://www.freepnglogos.com/uploads/bmw-png/blue-bmw-coupe-car-png-image-pngpix-5.png
BMW,4-Series,Medium car,Coupe,5,5,47591,https://www.freepnglogos.com/uploads/bmw-png/bmw-flat-png-transparent-bmw-flat-images-pluspng-12.png
BMW,4-Series,Medium car,Coupe,5,5,46387,https://www.freepnglogos.com/uploads/bmw-png/bmw-reviews-and-rating-motor-trend-1.png
BMW,4-Series,Medium car,Coupe,5,5,42686,https://www.freepnglogos.com/uploads/bmw-png/bmw-reviews-new-used-models-motor-trend-3.png
BMW,4-Series,Medium car,Coupe,5,5,41014,https://www.freepnglogos.com/uploads/bmw-png/gold-bmw-car-png-image-pngpix-37.png
BMW,4-Series,Medium car,Coupe,5,5,35400,https://www.freepnglogos.com/uploads/bmw-png/bmw-series-reviews-and-rating-motor-trend-canada-36.png
BMW,4-Series,Medium car,Coupe,5,5,61472,https://www.freepnglogos.com/uploads/bmw-png/bmw-reviews-and-rating-motor-trend-1.png
BMW,4-Series,Medium car,Coupe,5,5,62488,https://www.freepnglogos.com/uploads/bmw-png/bmw-reviews-new-used-models-motor-trend-3.png
BMW,4-Series,Medium car,Coupe,5,5,35891,https://www.freepnglogos.com/uploads/bmw-png/bmw-reviews-and-rating-motor-trend-29.png
BMW,4-Series,Medium car,Coupe,5,5,40788,https://www.freepnglogos.com/uploads/bmw-png/bmw-car-transparent-png-pictures-icons-and-png-31.png
BMW,4-Series,Medium car,Coupe,5,5,60781,https://www.freepnglogos.com/uploads/bmw-png/black-bmw-xdrive-car-png-image-pngpix-33.png
BMW,4-Series,Medium car,Coupe,5,5,54431,https://www.freepnglogos.com/uploads/bmw-png/technology-the-year-bmw-project-automobile-9.png
BMW,4-Series,Medium car,Coupe,5,5,63150,https://www.freepnglogos.com/uploads/bmw-png/bmw-reviews-prices-specs-motor-4.png
BMW,4-Series,Medium car,Coupe,5,5,42130,https://www.freepnglogos.com/uploads/bmw-png/blue-bmw-coupe-car-png-image-pngpix-5.png
BMW,4-Series,Medium car,Coupe,5,5,41246,https://www.freepnglogos.com/uploads/bmw-png/bmw-flat-png-transparent-bmw-flat-images-pluspng-12.png
BMW,4-Series,Medium car,Coupe,5,5,58216,https://www.freepnglogos.com/uploads/bmw-png/bmw-reviews-and-rating-motor-trend-1.png
Honda,Civic,Compact car,Hatchback,3,4,21706,https://www.freepnglogos.com/uploads/cleveland-auto-show-car-logo-png-25.png
Honda,Civic,Compact car,Saloon,4,4,24115,https://www.freepnglogos.com/uploads/car-logo-design-car-pictures-png-14.png
Honda,Civic,Compact car,Hatchback,4,4,24303,https://www.freepnglogos.com/uploads/zent-logo-png-car-22.png
Honda,Civic,Compact car,Hatchback,4,5,53256,https://www.freepnglogos.com/uploads/race-car-logo-symbol-speed-png-23.png
Honda,Civic,Compact car,Hatchback,4,5,28436,https://www.freepnglogos.com/uploads/car-logo-png-5.png
Honda,Civic,Compact car,Hatchback,3,5,17622,https://www.freepnglogos.com/uploads/cleveland-auto-show-car-logo-png-25.png
Honda,Civic,Compact car,Estate,5,5,67400,https://www.freepnglogos.com/uploads/car-logo-design-car-pictures-png-14.png
Honda,Civic,Compact car,Estate,5,5,52411,https://www.freepnglogos.com/uploads/zent-logo-png-car-22.png
Honda,Civic,Compact car,Hatchback,3,5,26640,https://www.freepnglogos.com/uploads/race-car-logo-symbol-speed-png-23.png
Honda,Civic,Compact car,Hatchback,3,5,74865,https://www.freepnglogos.com/uploads/car-logo-png-5.png
Honda,Civic,Compact car,Hatchback,3,5,46014,https://www.freepnglogos.com/uploads/cleveland-auto-show-car-logo-png-25.png
Honda,Civic,Compact car,Hatchback,3,5,43859,https://www.freepnglogos.com/uploads/car-logo-design-car-pictures-png-14.png
Honda,Civic,Compact car,Estate,5,5,22475,https://www.freepnglogos.com/uploads/zent-logo-png-car-22.png
Honda,Civic,Compact car,Hatchback,3,5,38864,https://www.freepnglogos.com/uploads/race-car-logo-symbol-speed-png-23.png
Honda,Civic,Compact car,Hatchback,3,5,37634,https://www.freepnglogos.com/uploads/car-logo-png-5.png
Honda,Civic,Compact car,Hatchback,3,5,34336,https://www.freepnglogos.com/uploads/cleveland-auto-show-car-logo-png-25.png
Honda,Civic,Compact car,Hatchback,3,5,30590,https://www.freepnglogos.com/uploads/car-logo-design-car-pictures-png-14.png
Honda,Civic,Compact car,Hatchback,3,5,39881,https://www.freepnglogos.com/uploads/zent-logo-png-car-22.png
Honda,Civic,Compact car,Saloon,4,5,36740,https://www.freepnglogos.com/uploads/race-car-logo-symbol-speed-png-23.png
Honda,Civic,Compact car,Saloon,4,5,41103,https://www.freepnglogos.com/uploads/car-logo-png-5.png
Honda,Civic,Compact car,Saloon,4,5,40607,https://www.freepnglogos.com/uploads/cleveland-auto-show-car-logo-png-25.png
Honda,Civic,Compact car,Estate,5,5,45183,https://www.freepnglogos.com/uploads/car-logo-design-car-pictures-png-14.png
Honda,Civic,Compact car,Hatchback,3,5,59416,https://www.freepnglogos.com/uploads/zent-logo-png-car-22.png
Honda,Civic,Compact car,Hatchback,3,5,37384,https://www.freepnglogos.com/uploads/race-car-logo-symbol-speed-png-23.png
Honda,Civic,Compact car,Hatchback,3,5,60590,https://www.freepnglogos.com/uploads/car-logo-png-5.png
Honda,Civic,Compact car,Hatchback,3,5,56673,https://www.freepnglogos.com/uploads/cleveland-auto-show-car-logo-png-25.png
Honda,Civic,Compact car,Hatchback,3,5,38611,https://www.freepnglogos.com/uploads/car-logo-design-car-pictures-png-14.png
Honda,Civic,Compact car,Liftback,5,5,35966,https://www.freepnglogos.com/uploads/zent-logo-png-car-22.png
Honda,Civic,Compact car,Liftback,5,5,70509,https://www.freepnglogos.com/uploads/race-car-logo-symbol-speed-png-23.png
Honda,Civic,Compact car,Liftback,5,5,38934,https://www.freepnglogos.com/uploads/car-logo-png-5.png
Honda,Civic,Compact car,Liftback,5,5,15564,https://www.freepnglogos.com/uploads/cleveland-auto-show-car-logo-png-25.png
Honda,Civic,Compact car,Saloon,5,5,46648,https://www.freepnglogos.com/uploads/car-logo-design-car-pictures-png-14.png
Honda,Civic,Compact car,Saloon,5,5,57498,https://www.freepnglogos.com/uploads/zent-logo-png-car-22.png
Honda,Civic,Compact car,Saloon,5,5,51584,https://www.freepnglogos.com/uploads/race-car-logo-symbol-speed-png-23.png
Honda,Civic,Compact car,Saloon,5,5,16564,https://www.freepnglogos.com/uploads/car-logo-png-5.png
Honda,Civic,Compact car,Coupe,2,5,20785,https://www.freepnglogos.com/uploads/cleveland-auto-show-car-logo-png-25.png
Honda,Civic,Compact car,Coupe,2,5,51632,https://www.freepnglogos.com/uploads/car-logo-design-car-pictures-png-14.png
Honda,Civic,Compact car,Hatchback,3,5,33431,https://www.freepnglogos.com/uploads/zent-logo-png-car-22.png
Honda,Civic,Compact car,Hatchback,3,5,74097,https://www.freepnglogos.com/uploads/race-car-logo-symbol-speed-png-23.png
Honda,Civic,Compact car,Hatchback,3,5,16530,https://www.freepnglogos.com/uploads/car-logo-png-5.png
Honda,Civic,Compact car,Hatchback,3,5,37527,https://www.freepnglogos.com/uploads/cleveland-auto-show-car-logo-png-25.png
Honda,Civic,Compact car,Hatchback,3,5,51150,https://www.freepnglogos.com/uploads/car-logo-design-car-pictures-png-14.png
Honda,Civic,Compact car,Hatchback,3,5,26962,https://www.freepnglogos.com/uploads/zent-logo-png-car-22.png
Honda,Civic,Compact car,Hatchback,3,5,64390,https://www.freepnglogos.com/uploads/race-car-logo-symbol-speed-png-23.png
Honda,Civic,Compact car,Liftback,5,5,29458,https://www.freepnglogos.com/uploads/car-logo-png-5.png
Honda,Civic,Compact car,Liftback,5,5,54083,https://www.freepnglogos.com/uploads/cleveland-auto-show-car-logo-png-25.png
Honda,Civic,Compact car,Liftback,5,5,64857,https://www.freepnglogos.com/uploads/car-logo-design-car-pictures-png-14.png
Honda,Civic,Compact car,Liftback,5,5,30239,https://www.freepnglogos.com/uploads/zent-logo-png-car-22.png
Honda,Civic,Compact car,Liftback,5,5,31606,https://www.freepnglogos.com/uploads/race-car-logo-symbol-speed-png-23.png
Honda,Civic,Compact car,Liftback,5,5,40512,https://www.freepnglogos.com/uploads/car-logo-png-5.png
Honda,Civic,Compact car,Liftback,5,5,66743,https://www.freepnglogos.com/uploads/cleveland-auto-show-car-logo-png-25.png
Honda,Civic,Compact car,Liftback,5,5,51421,https://www.freepnglogos.com/uploads/car-logo-design-car-pictures-png-14.png
Honda,Civic,Compact car,Liftback,5,5,72547,https://www.freepnglogos.com/uploads/zent-logo-png-car-22.png
Honda,Civic,Compact car,Saloon,4,5,66109,https://www.freepnglogos.com/uploads/race-car-logo-symbol-speed-png-23.png
Honda,Civic,Compact car,Saloon,4,5,71577,https://www.freepnglogos.com/uploads/car-logo-png-5.png
Honda,Civic,Compact car,Coupe,2,5,30013,https://www.freepnglogos.com/uploads/cleveland-auto-show-car-logo-png-25.png
Honda,Civic,Compact car,Coupe,2,5,35230,https://www.freepnglogos.com/uploads/car-logo-design-car-pictures-png-14.png
Honda,Civic,Compact car,Estate,5,5,22087,https://www.freepnglogos.com/uploads/zent-logo-png-car-22.png
Honda,Civic,Compact car,Estate,5,5,48274,https://www.freepnglogos.com/uploads/race-car-logo-symbol-speed-png-23.png
Honda,Civic,Compact car,Estate,5,5,61787,https://www.freepnglogos.com/uploads/car-logo-png-5.png
Honda,Civic,Compact car,Estate,5,5,55203,https://www.freepnglogos.com/uploads/cleveland-auto-show-car-logo-png-25.png
Honda,Civic,Compact car,Estate,5,5,57250,https://www.freepnglogos.com/uploads/car-logo-design-car-pictures-png-14.png
Honda,Civic,Compact car,Hatchback,3,5,50433,https://www.freepnglogos.com/uploads/zent-logo-png-car-22.png
Honda,Civic,Compact car,Hatchback,3,5,24233,https://www.freepnglogos.com/uploads/race-car-logo-symbol-speed-png-23.png
Honda,Civic,Compact car,Hatchback,3,5,25799,https://www.freepnglogos.com/uploads/car-logo-png-5.png
Honda,Civic,Compact car,Hatchback,3,5,17474,https://www.freepnglogos.com/uploads/cleveland-auto-show-car-logo-png-25.png
Honda,Civic,Compact car,Liftback,5,5,68481,https://www.freepnglogos.com/uploads/car-logo-design-car-pictures-png-14.png
Honda,Civic,Compact car,Liftback,5,5,47483,https://www.freepnglogos.com/uploads/zent-logo-png-car-22.png
Honda,Civic,Compact car,Liftback,5,5,30093,https://www.freepnglogos.com/uploads/race-car-logo-symbol-speed-png-23.png
Honda,Civic,Compact car,Liftback,5,5,67611,https://www.freepnglogos.com/uploads/car-logo-png-5.png
Honda,Civic,Compact car,Coupe,2,5,37205,https://www.freepnglogos.com/uploads/cleveland-auto-show-car-logo-png-25.png
Honda,Civic,Compact car,Coupe,2,5,61030,https://www.freepnglogos.com/uploads/car-logo-design-car-pictures-png-14.png
Honda,Civic,Compact car,Hatchback,3,5,43529,https://www.freepnglogos.com/uploads/zent-logo-png-car-22.png
Honda,Civic,Compact car,Hatchback,3,5,24482,https://www.freepnglogos.com/uploads/race-car-logo-symbol-speed-png-23.png
Honda,Civic,Compact car,Hatchback,3,5,43800,https://www.freepnglogos.com/uploads/car-logo-png-5.png
Honda,Civic,Compact car,Hatchback,3,5,24555,https://www.freepnglogos.com/uploads/cleveland-auto-show-car-logo-png-25.png
Honda,Civic,Compact car,Hatchback,5,5,37106,https://www.freepnglogos.com/uploads/car-logo-design-car-pictures-png-14.png
Honda,Civic,Compact car,Hatchback,5,5,63440,https://www.freepnglogos.com/uploads/zent-logo-png-car-22.png
Honda,Civic,Compact car,Hatchback,5,5,68010,https://www.freepnglogos.com/uploads/race-car-logo-symbol-speed-png-23.png
Honda,Civic,Compact car,Hatchback,5,5,67327,https://www.freepnglogos.com/uploads/car-logo-png-5.png
Honda,Civic,Compact car,Saloon,4,5,25454,https://www.freepnglogos.com/uploads/cleveland-auto-show-car-logo-png-25.png
Honda,Civic,Compact car,Saloon,4,5,45058,https://www.freepnglogos.com/uploads/car-logo-design-car-pictures-png-14.png
Honda,Civic,Medium car,Hatchback,5,5,29390,https://www.freepnglogos.com/uploads/zent-logo-png-car-22.png
Honda,Civic,Medium car,Hatchback,5,5,21704,https://www.freepnglogos.com/uploads/race-car-logo-symbol-speed-png-23.png
Honda,Civic,Medium car,Hatchback,5,5,42665,https://www.freepnglogos.com/uploads/car-logo-png-5.png
Honda,Civic,Medium car,Hatchback,5,5,46013,https://www.freepnglogos.com/uploads/cleveland-auto-show-car-logo-png-25.png
Honda,Civic,Medium car,Hatchback,5,5,41438,https://www.freepnglogos.com/uploads/car-logo-design-car-pictures-png-14.png
Honda,Civic,Medium car,Hatchback,5,5,74811,https://www.freepnglogos.com/uploads/zent-logo-png-car-22.png
Honda,Civic,Medium car,Hatchback,5,5,59500,https://www.freepnglogos.com/uploads/race-car-logo-symbol-speed-png-23.png
Honda,Civic,Medium car,Hatchback,5,4,66531,https://www.freepnglogos.com/uploads/car-logo-png-5.png
Honda,Civic,Medium car,Saloon,4,5,47323,https://www.freepnglogos.com/uploads/cleveland-auto-show-car-logo-png-25.png
Honda,Civic,Medium car,Estate,5,5,47288,https://www.freepnglogos.com/uploads/car-logo-design-car-pictures-png-14.png
Honda,Civic,Medium car,Estate,5,5,47375,https://www.freepnglogos.com/uploads/zent-logo-png-car-22.png
Honda,Civic,Medium car,Estate,5,5,69831,https://www.freepnglogos.com/uploads/race-car-logo-symbol-speed-png-23.png
Honda,Civic,Medium car,Estate,5,5,55773,https://www.freepnglogos.com/uploads/car-logo-png-5.png
Volkswagen,Golf,Compact car,Hatchback,3,5,28463,https://www.freepnglogos.com/uploads/cleveland-auto-show-car-logo-png-25.png
Volkswagen,Golf,Compact car,Hatchback,3,5,27248,https://www.freepnglogos.com/uploads/car-logo-design-car-pictures-png-14.png
Volkswagen,Golf,Compact car,Hatchback,3,5,20522,https://www.freepnglogos.com/uploads/zent-logo-png-car-22.png
Volkswagen,Golf,Compact car,Hatchback,3,5,61691,https://www.freepnglogos.com/uploads/race-car-logo-symbol-speed-png-23.png
Volkswagen,Golf,Compact car,Hatchback,3,5,37595,https://www.freepnglogos.com/uploads/car-logo-png-5.png
Volkswagen,Golf,Compact car,Hatchback,3,5,64264,https://www.freepnglogos.com/uploads/cleveland-auto-show-car-logo-png-25.png
Volkswagen,Golf,Compact car,Hatchback,3,5,33355,https://www.freepnglogos.com/uploads/car-logo-design-car-pictures-png-14.png
Volkswagen,Golf,Compact car,Hatchback,3,5,16876,https://www.freepnglogos.com/uploads/zent-logo-png-car-22.png
Volkswagen,Golf,Compact car,Hatchback,3,5,23410,https://www.freepnglogos.com/uploads/race-car-logo-symbol-speed-png-23.png
Volkswagen,Golf,Compact car,Hatchback,3,5,68948,https://www.freepnglogos.com/uploads/car-logo-png-5.png
Volkswagen,Golf,Compact car,Hatchback,3,5,59878,https://www.freepnglogos.com/uploads/cleveland-auto-show-car-logo-png-25.png
Volkswagen,Golf,Compact car,Hatchback,3,5,26690,https://www.freepnglogos.com/uploads/car-logo-design-car-pictures-png-14.png
Volkswagen,Golf,Compact car,Hatchback,3,5,28842,https://www.freepnglogos.com/uploads/zent-logo-png-car-22.png
Volkswagen,Golf,Compact car,Hatchback,3,5,25385,https://www.freepnglogos.com/uploads/race-car-logo-symbol-speed-png-23.png
Volkswagen,Golf,Compact car,Hatchback,3,5,17973,https://www.freepnglogos.com/uploads/car-logo-png-5.png
Volkswagen,Golf,Compact car,Hatchback,3,5,17472,https://www.freepnglogos.com/uploads/cleveland-auto-show-car-logo-png-25.png
Volkswagen,Golf,Compact car,Hatchback,3,5,38045,https://www.freepnglogos.com/uploads/car-logo-design-car-pictures-png-14.png
Volkswagen,Golf,Compact car,Hatchback,3,5,45810,https://www.freepnglogos.com/uploads/zent-logo-png-car-22.png
Volkswagen,Golf,Compact car,Hatchback,3,5,46720,https://www.freepnglogos.com/uploads/race-car-logo-symbol-speed-png-23.png
Volkswagen,Golf,Compact car,Hatchback,3,5,40832,https://www.freepnglogos.com/uploads/car-logo-png-5.png
Volkswagen,Golf,Compact car,Hatchback,3,5,46440,https://www.freepnglogos.com/uploads/cleveland-auto-show-car-logo-png-25.png
Volkswagen,Golf,Compact car,Hatchback,3,5,50046,https://www.freepnglogos.com/uploads/car-logo-design-car-pictures-png-14.png
Volkswagen,Golf,Compact car,Hatchback,3,5,55368,https://www.freepnglogos.com/uploads/zent-logo-png-car-22.png
Volkswagen,Golf,Compact car,Hatchback,3,5,72789,https://www.freepnglogos.com/uploads/race-car-logo-symbol-speed-png-23.png
Volkswagen,Golf,Compact car,Hatchback,3,5,47902,https://www.freepnglogos.com/uploads/car-logo-png-5.png
Volkswagen,Golf,Compact car,Hatchback,3,5,29619,https://www.freepnglogos.com/uploads/cleveland-auto-show-car-logo-png-25.png
Volkswagen,Golf,Compact car,Hatchback,3,5,35781,https://www.freepnglogos.com/uploads/car-logo-design-car-pictures-png-14.png
Volkswagen,Golf,Compact car,Hatchback,5,5,74076,https://www.freepnglogos.com/uploads/zent-logo-png-car-22.png
Volkswagen,Golf,Compact car,Hatchback,5,5,19747,https://www.freepnglogos.com/uploads/race-car-logo-symbol-speed-png-23.png
Volkswagen,Golf,Compact car,Hatchback,5,5,48393,https://www.freepnglogos.com/uploads/car-logo-png-5.png
Volkswagen,Golf,Compact car,Hatchback,5,5,54774,https://www.freepnglogos.com/uploads/cleveland-auto-show-car-logo-png-25.png
Volkswagen,Golf,Compact car,Hatchback,5,5,70543,https://www.freepnglogos.com/uploads/car-logo-design-car-pictures-png-14.png
Volkswagen,Golf,Compact car,Hatchback,5,5,38363,https://www.freepnglogos.com/uploads/zent-logo-png-car-22.png
Volkswagen,Golf,Compact car,Hatchback,5,5,20610,https://www.freepnglogos.com/uploads/race-car-logo-symbol-speed-png-23.png
Volkswagen,Golf,Compact car,Hatchback,5,5,59441,https://www.freepnglogos.com/uploads/car-logo-png-5.png
Volkswagen,Golf,Compact car,Hatchback,5,5,26276,https://www.freepnglogos.com/uploads/cleveland-auto-show-car-logo-png-25.png
Volkswagen,Golf,Compact car,Hatchback,5,5,21004,https://www.freepnglogos.com/uploads/car-logo-design-car-pictures-png-14.png
Volkswagen,Golf,Compact car,Hatchback,5,5,61130,https://www.freepnglogos.com/uploads/zent-logo-png-car-22.png
Volkswagen,Golf,Compact car,Hatchback,5,5,17943,https://www.freepnglogos.com/uploads/race-car-logo-symbol-speed-png-23.png
Volkswagen,Golf,Compact car,Hatchback,5,5,36932,https://www.freepnglogos.com/uploads/car-logo-png-5.png
Volkswagen,Golf,Compact car,Hatchback,5,5,30155,https://www.freepnglogos.com/uploads/cleveland-auto-show-car-logo-png-25.png
Volkswagen,Golf,Compact car,Hatchback,5,5,25919,https://www.freepnglogos.com/uploads/car-logo-design-car-pictures-png-14.png
Volkswagen,Golf,Compact car,Hatchback,5,5,52228,https://www.freepnglogos.com/uploads/zent-logo-png-car-22.png
Volkswagen,Golf,Compact car,Hatchback,5,5,67670,https://www.freepnglogos.com/uploads/race-car-logo-symbol-speed-png-23.png
Volkswagen,Golf,Compact car,Hatchback,5,5,69007,https://www.freepnglogos.com/uploads/car-logo-png-5.png
Volkswagen,Golf,Compact car,Hatchback,5,5,71382,https://www.freepnglogos.com/uploads/cleveland-auto-show-car-logo-png-25.png
Volkswagen,Golf,Compact car,Hatchback,5,5,22401,https://www.freepnglogos.com/uploads/car-logo-design-car-pictures-png-14.png
Volkswagen,Golf,Compact car,Hatchback,5,5,60063,https://www.freepnglogos.com/uploads/zent-logo-png-car-22.png
Volkswagen,Golf,Compact car,Hatchback,5,5,66864,https://www.freepnglogos.com/uploads/race-car-logo-symbol-speed-png-23.png
Volkswagen,Golf,Compact car,Hatchback,5,5,50508,https://www.freepnglogos.com/uploads/car-logo-png-5.png
Volkswagen,Golf,Compact car,Hatchback,5,5,62925,https://www.freepnglogos.com/uploads/cleveland-auto-show-car-logo-png-25.png
Volkswagen,Golf,Compact car,Hatchback,5,5,72847,https://www.freepnglogos.com/uploads/car-logo-design-car-pictures-png-14.png
Volkswagen,Golf,Compact car,Hatchback,5,5,39887,https://www.freepnglogos.com/uploads/zent-logo-png-car-22.png
Volkswagen,Golf,Compact car,Hatchback,5,5,61833,https://www.freepnglogos.com/uploads/race-car-logo-symbol-speed-png-23.png
Volkswagen,Golf,Compact car,Hatchback,5,5,45017,https://www.freepnglogos.com/uploads/car-logo-png-5.png
Volkswagen,Golf,Compact car,Hatchback,5,5,60012,https://www.freepnglogos.com/uploads/cleveland-auto-show-car-logo-png-25.png
Volkswagen,Golf,Compact car,Hatchback,5,5,48740,https://www.freepnglogos.com/uploads/car-logo-design-car-pictures-png-14.png
Volkswagen,Golf,Compact car,Hatchback,5,5,25313,https://www.freepnglogos.com/uploads/zent-logo-png-car-22.png
Volkswagen,Golf,Compact car,Hatchback,5,5,62438,https://www.freepnglogos.com/uploads/race-car-logo-symbol-speed-png-23.png
Volkswagen,Golf,Compact car,Hatchback,5,5,50710,https://www.freepnglogos.com/uploads/car-logo-png-5.png
Volkswagen,Golf,Compact car,Hatchback,5,5,43592,https://www.freepnglogos.com/uploads/cleveland-auto-show-car-logo-png-25.png
Volkswagen,Golf,Compact car,Hatchback,5,5,45368,https://www.freepnglogos.com/uploads/car-logo-design-car-pictures-png-14.png
Volkswagen,Golf,Compact car,Hatchback,5,5,18055,https://www.freepnglogos.com/uploads/zent-logo-png-car-22.png
Volkswagen,Golf,Compact car,Hatchback,5,5,20844,https://www.freepnglogos.com/uploads/race-car-logo-symbol-speed-png-23.png
Volkswagen,Golf,Compact car,Hatchback,5,5,24811,https://www.freepnglogos.com/uploads/car-logo-png-5.png
Volkswagen,Golf,Compact car,Hatchback,5,5,72171,https://www.freepnglogos.com/uploads/cleveland-auto-show-car-logo-png-25.png
Volkswagen,Golf,Compact car,MPV,5,5,40979,https://www.freepnglogos.com/uploads/car-logo-design-car-pictures-png-14.png
Volkswagen,Golf,Compact car,MPV,5,5,70167,https://www.freepnglogos.com/uploads/zent-logo-png-car-22.png
Volkswagen,Golf,Compact car,MPV,5,5,23989,https://www.freepnglogos.com/uploads/race-car-logo-symbol-speed-png-23.png
Volkswagen,Golf,Compact car,MPV,5,5,66498,https://www.freepnglogos.com/uploads/car-logo-png-5.png
Volkswagen,Golf,Compact car,MPV,5,5,60011,https://www.freepnglogos.com/uploads/cleveland-auto-show-car-logo-png-25.png
Volkswagen,Golf,Compact car,MPV,5,5,35089,https://www.freepnglogos.com/uploads/car-logo-design-car-pictures-png-14.png
Volkswagen,Golf,Compact car,MPV,5,5,40553,https://www.freepnglogos.com/uploads/zent-logo-png-car-22.png
Volkswagen,Golf,Compact car,MPV,5,5,31377,https://www.freepnglogos.com/uploads/race-car-logo-symbol-speed-png-23.png
Volkswagen,Golf,Compact car,MPV,5,5,25065,https://www.freepnglogos.com/uploads/car-logo-png-5.png
Volkswagen,Golf,Compact car,Estate,5,5,66877,https://www.freepnglogos.com/uploads/cleveland-auto-show-car-logo-png-25.png
Volkswagen,Golf,Compact car,Estate,5,5,59275,https://www.freepnglogos.com/uploads/car-logo-design-car-pictures-png-14.png
Volkswagen,Golf,Compact car,Estate,5,5,28530,https://www.freepnglogos.com/uploads/zent-logo-png-car-22.png
Volkswagen,Golf,Compact car,Estate,5,5,42864,https://www.freepnglogos.com/uploads/race-car-logo-symbol-speed-png-23.png
Volkswagen,Golf,Compact car,Estate,5,5,26491,https://www.freepnglogos.com/uploads/car-logo-png-5.png
Volkswagen,Golf,Compact car,Estate,5,5,31619,https://www.freepnglogos.com/uploads/cleveland-auto-show-car-logo-png-25.png
Volkswagen,Golf,Compact car,Estate,5,5,51458,https://www.freepnglogos.com/uploads/car-logo-design-car-pictures-png-14.png
Volkswagen,Golf,Compact car,Estate,5,5,26015,https://www.freepnglogos.com/uploads/zent-logo-png-car-22.png
Volkswagen,Golf,Compact car,Estate,5,5,41939,https://www.freepnglogos.com/uploads/race-car-logo-symbol-speed-png-23.png
Volkswagen,Golf,Compact car,Estate,5,5,23538,https://www.freepnglogos.com/uploads/car-logo-png-5.png
Volkswagen,Golf,Compact car,Estate,5,5,60731,https://www.freepnglogos.com/uploads/cleveland-auto-show-car-logo-png-25.png
Volkswagen,Golf,Compact car,Estate,5,5,55141,https://www.freepnglogos.com/uploads/car-logo-design-car-pictures-png-14.png
Volkswagen,Golf,Compact car,Estate,5,5,67078,https://www.freepnglogos.com/uploads/zent-logo-png-car-22.png
Volkswagen,Golf,Compact car,Estate,5,5,52527,https://www.freepnglogos.com/uploads/race-car-logo-symbol-speed-png-23.png
Volkswagen,Golf,Compact car,Estate,5,5,36850,https://www.freepnglogos.com/uploads/car-logo-png-5.png
Volkswagen,Golf,Compact car,Estate,5,5,70329,https://www.freepnglogos.com/uploads/cleveland-auto-show-car-logo-png-25.png
Volkswagen,Golf,Compact car,Estate,5,5,72630,https://www.freepnglogos.com/uploads/car-logo-design-car-pictures-png-14.png
Volkswagen,Golf,Compact car,Estate,5,5,30067,https://www.freepnglogos.com/uploads/zent-logo-png-car-22.png
Volkswagen,Golf,Compact car,Estate,5,5,43320,https://www.freepnglogos.com/uploads/race-car-logo-symbol-speed-png-23.png
Volkswagen,Golf,Compact car,Estate,5,5,41858,https://www.freepnglogos.com/uploads/car-logo-png-5.png
Volkswagen,Golf,Compact car,Estate,5,5,72584,https://www.freepnglogos.com/uploads/cleveland-auto-show-car-logo-png-25.png
Volkswagen,Golf,Compact car,Estate,5,5,46852,https://www.freepnglogos.com/uploads/car-logo-design-car-pictures-png-14.png
Volkswagen,Golf,Compact car,Estate,5,5,68693,https://www.freepnglogos.com/uploads/zent-logo-png-car-22.png
Volkswagen,Golf,Compact car,Estate,5,5,44813,https://www.freepnglogos.com/uploads/race-car-logo-symbol-speed-png-23.png
Volkswagen,Golf,Compact car,Estate,5,5,60792,https://www.freepnglogos.com/uploads/car-logo-png-5.png
Volkswagen,Golf,Compact car,Estate,5,5,68340,https://www.freepnglogos.com/uploads/cleveland-auto-show-car-logo-png-25.png
Volkswagen,Golf,Compact car,Estate,5,5,41434,https://www.freepnglogos.com/uploads/car-logo-design-car-pictures-png-14.png
Volkswagen,Golf,Compact car,Estate,5,5,28638,https://www.freepnglogos.com/uploads/zent-logo-png-car-22.png
Volkswagen,Golf,Compact car,Estate,5,5,69904,https://www.freepnglogos.com/uploads/race-car-logo-symbol-speed-png-23.png
Volkswagen,Golf,Compact car,Estate,5,5,15872,https://www.freepnglogos.com/uploads/car-logo-png-5.png
Volkswagen,Golf,Compact car,Estate,5,5,55825,https://www.freepnglogos.com/uploads/cleveland-auto-show-car-logo-png-25.png
Volkswagen,Golf,Compact car,Estate,5,5,50464,https://www.freepnglogos.com/uploads/car-logo-design-car-pictures-png-14.png
Volkswagen,Golf,Compact car,Estate,5,5,17013,https://www.freepnglogos.com/uploads/zent-logo-png-car-22.png
Volkswagen,Golf,Compact car,Estate,5,5,46596,https://www.freepnglogos.com/uploads/race-car-logo-symbol-speed-png-23.png
Volkswagen,Golf,Compact car,Estate,5,5,40659,https://www.freepnglogos.com/uploads/car-logo-png-5.png
Volkswagen,Golf,Compact car,Estate,5,5,61187,https://www.freepnglogos.com/uploads/cleveland-auto-show-car-logo-png-25.png
