maker,model,size,format,doors,seats,Cylinders,Automatic,Assisted steering,ESP,0-100 kmph (sec),Max speed (km/h),Fuel eff (l/100km),Fuel type
BMW,3-Series,Medium car,Saloon,2,5,L4,-,-,,"14,8",154,"11,5",Super
BMW,3-Series,Medium car,Saloon,2,5,L4,O,-,,14,160,"11,5",Normal
BMW,3-Series,Medium car,Saloon,2,5,L4,-,-,,"12,5",163,"12,5",Super
BMW,3-Series,Medium car,Saloon,2,5,L4,O,-,,12,165,12,Normal
BMW,3-Series,Medium car,Saloon,2,5,L4,O,-,,"11,5",171,"12,5",Super
BMW,3-Series,Medium car,Saloon,2,5,L4,O,-,,11,170,13,Super
BMW,3-Series,Medium car,Saloon,2,5,L4,O,-,,10,180,13,Super
BMW,3-Series,Medium car,Saloon,2,5,L6,O,-,,"11,1",181,"13,5",Super
BMW,3-Series,Medium car,Saloon,2,5,L6,O,-,,"9,2",191,14,Super
BMW,3-Series,Medium car,Saloon,4,5,L4,O,O,,"12,1",182,"8,6",Normal breifrei
BMW,3-Series,Medium car,Saloon,4,5,L4,O,O,,"12,4",175,"10,6",Super
BMW,3-Series,Medium car,Saloon,4,5,L4,O,O,,"12,1",182,"6,8",Normal breifrei
BMW,3-Series,Medium car,Saloon,4,5,L4,O,O,,"11,2",184,11,Super
BMW,3-Series,Medium car,Saloon,4,5,L4,O,O,,"11,9",180,"8,2",Normal breifrei
BMW,3-Series,Medium car,Saloon,4,5,L4,O,O,,"10,8",188,"8,6",Normal breifrei
BMW,3-Series,Medium car,Saloon,4,5,L4,-,O,,"9,9",202,"8,5",Super breifrei
BMW,3-Series,Medium car,Saloon,4,5,L6,O,O,,"10,4",196,"11,4",Super
BMW,3-Series,Medium car,Saloon,4,5,L6,O,O,,"10,2",197,"8,9",Super
BMW,3-Series,Medium car,Saloon,4,5,L6,O,O,,"10,6",195,"9,9",Normal breifrei
BMW,3-Series,Medium car,Saloon,4,5,L6,O,O,,"9,6",204,"12,2",Super
BMW,3-Series,Medium car,Saloon,4,5,L6,O,O,,"8,3",217,"8,9",Super
BMW,3-Series,Medium car,Saloon,4,5,L6,O,O,,"8,6",215,n/a,Normal breifrei
BMW,3-Series,Medium car,Saloon,4,5,L6,-,S,,9,212,"9,4",Super
BMW,3-Series,Medium car,Saloon,4,5,L6,O,S,,"9,4",207,n/a,Normal breifrei
BMW,3-Series,Medium car,Saloon,4,5,L6,O,S,,"9,2",218,"10,4",Normal breifrei
BMW,3-Series,Medium car,Saloon,4,5,L6,O,O,,"11,8",184,"8,4",Normal breifrei
BMW,3-Series,Medium car,Saloon,4,5,L6,O,O,,"10,1",193,"8,4",Normal breifrei
BMW,3-Series,Medium car,Saloon,2,5,L6,n/a,O,,"6,9",238,n/a,Super
BMW,3-Series,Medium car,Saloon,2,5,L6,-,S,,"6,7",235,"8,4",Super
BMW,3-Series,Medium car,Saloon,2,5,L6,-,S,,"6,8",230,"9,3",Super breifrei
BMW,3-Series,Medium car,Saloon,2,4,L6,O,S,,"6,9",230,"8,8",Super breifrei
BMW,3-Series,Medium car,Saloon,4,5,L6,O,O,,"16,1",165,"6,9",Diesel
BMW,3-Series,Medium car,Saloon,4,5,L6,-,O,,"16,1",165,"6,9",Diesel
BMW,3-Series,Medium car,Saloon,4,5,L6,O,O,,"11,9",187,7,Diesel
BMW,3-Series,Medium car,Estate,5,5,L4,O,O,,"12,5",180,"8,8",Normal breifrei
BMW,3-Series,Medium car,Estate,5,5,L4,O,O,,"11,7",188,"8,9",Normal breifrei
BMW,3-Series,Medium car,Estate,5,5,L6,O,O,,"10,6",195,"9,9",Normal breifrei
BMW,3-Series,Medium car,Estate,5,5,L6,O,O,,"8,3",215,"9,7",Normal breifrei
BMW,3-Series,Medium car,Estate,5,5,L6,O,S,,"9,2",218,"10,4",Normal breifrei
BMW,3-Series,Medium car,Estate,5,5,L6,O,O,,"11,9",187,7,Diesel
BMW,3-Series,Medium car,Cabrio,2,4,L4,O,S,,12,187,"8,8",Normal breifrei
BMW,3-Series,Medium car,Cabrio,2,4,L6,O,O,,,,,Super
BMW,3-Series,Medium car,Cabrio,2,4,L6,O,O,,,,,NF
BMW,3-Series,Medium car,Cabrio,2,4,L6,O,O,,"11,5",212,"9,5",Normal breifrei
BMW,3-Series,Medium car,Cabrio,2,4,L6,O,O,,"8,7",214,"9,7",Normal breifrei
BMW,3-Series,Medium car,Cabrio,2,4,L6,-,S,,"7,5",228,n/a,Super breifrei
BMW,3-Series,Medium car,Hatchback,3,5,L4,4,S,,"12,3",188,"7,4",Super bleifrei
BMW,3-Series,Medium car,Hatchback,3,5,L4,4,S,,"9,9",209,"8,3",Super bleifrei
BMW,3-Series,Medium car,Hatchback,3,5,L4,5,S,,"7,8",230,"9,3",Superkraftstoff
BMW,3-Series,Medium car,Hatchback,3,5,L4,-,S,,"13,9",175,"5,9",Diesel
BMW,3-Series,Medium car,Saloon,4,5,L4,O,O,,"12,9",191,"7,9",Normal breifrei
BMW,3-Series,Medium car,Saloon,4,5,L4,4,S,,"12,7",195,"7,4",Normalkraftstoff
BMW,3-Series,Medium car,Saloon,4,5,L4,O,S,,"11,3",198,"8,3",Normal breifrei
BMW,3-Series,Medium car,Saloon,4,5,L4,4,S,,"11,3",201,"7,6",Normalkraftstoff
BMW,3-Series,Medium car,Saloon,4,5,L4,4,S,,"10,2",213,"8,3",Super bleifrei
BMW,3-Series,Medium car,Saloon,4,5,L6,5,S,,10,214,"8,8",Super bleifrei
BMW,3-Series,Medium car,Saloon,4,5,L6,5,S,,8,227,"8,3",Super bleifrei
BMW,3-Series,Medium car,Saloon,4,5,L6,5,S,,8,233,"8,8",Super bleifrei
BMW,3-Series,Medium car,Saloon,4,5,L6,5,S,,"7,3",236,"8,5",Super bleifrei
BMW,3-Series,Medium car,Saloon,4,5,L6,-,S,,6,250,"9,3",Super Plus
BMW,3-Series,Medium car,Saloon,4,5,L6,-,S,,"5,5",250,"8,8",Super Plus
BMW,3-Series,Medium car,Saloon,4,5,L4,-,S,,"14,4",182,"5,9",Super bleifrei
BMW,3-Series,Medium car,Saloon,4,5,L6,4,S,,12,198,"6,9",Diesel
BMW,3-Series,Medium car,Saloon,4,5,L6,5,S,,"10,4",214,"6,7",Diesel
BMW,3-Series,Medium car,Estate,5,5,L4,4,S,,"13,2",191,8,Super bleifrei
BMW,3-Series,Medium car,Estate,5,5,L4,4,S,,"11,7",197,"7,7",Super bleifrei
BMW,3-Series,Medium car,Estate,5,5,L6,5,S,,"10,2",212,"8,7",Super bleifrei
BMW,3-Series,Medium car,Estate,5,5,L6,5,S,,"8,3",223,"8,5",Super bleifrei
BMW,3-Series,Medium car,Estate,5,5,L6,5,S,,"7,4",230,"8,7",Super bleifrei
BMW,3-Series,Medium car,Estate,5,5,L4,-,S,,"12,6",179,"6,1",Diesel
BMW,3-Series,Medium car,Estate,5,5,L6,5,S,,"10,5",206,"6,8",Diesel
BMW,3-Series,Medium car,Coupe,2,5,L4,4,S,,"12,7",195,"7,4",Normalkraftstoff
BMW,3-Series,Medium car,Coupe,2,5,L4,4,S,,"10,2",213,"7,8",Super bleifrei
BMW,3-Series,Medium car,Coupe,2,5,L6,5,S,,"9,9",214,"8,6",Super bleifrei
BMW,3-Series,Medium car,Coupe,2,5,L6,5,S,,8,227,"8,3",Super bleifrei
BMW,3-Series,Medium car,Coupe,2,5,L6,5,S,,8,233,"8,8",Super bleifrei
BMW,3-Series,Medium car,Coupe,2,5,L6,5,S,,"7,3",236,"8,5",Super bleifrei
BMW,3-Series,Medium car,Coupe,2,5,L6,-,S,,6,250,"9,1",Super Plus
BMW,3-Series,Medium car,Coupe,2,5,L6,-,S,,"5,5",250,"8,8",Super Plus
BMW,3-Series,Medium car,Cabrio,2,4,L4,4,S,,"12,5",194,"7,9",Super bleifrei
BMW,3-Series,Medium car,Cabrio,2,4,L6,5,S,,"10,6",211,"8,8",Super bleifrei
BMW,3-Series,Medium car,Cabrio,2,4,L6,5,S,,"8,6",218,"9,3",Super bleifrei
BMW,3-Series,Medium car,Cabrio,2,4,L6,5,S,,"8,6",229,"9,1",Super bleifrei
BMW,3-Series,Medium car,Cabrio,2,4,L6,5,S,,"7,7",230,"8,7",Super bleifrei
BMW,3-Series,Medium car,Cabrio,2,4,L6,-,S,,"6,2",250,"9,1",Super Plus
BMW,3-Series,Medium car,Cabrio,2,4,L6,-,S,,"5,6",250,"8,8",Super Plus
BMW,3-Series,Medium car,Hatchback,5,5,L4,5,S,S,"10,9",201,"6,9",Super Plus
BMW,3-Series,Medium car,Hatchback,5,5,L4,5,S,S,"9,3",214,"7,2",Super Plus
BMW,3-Series,Medium car,Hatchback,5,5,L6,5,S,S,"7,1",235,9,Super Plus
BMW,3-Series,Medium car,Hatchback,5,5,L4,-,S,S,"10,5",202,"5,6",Diesel
BMW,3-Series,Medium car,Hatchback,5,5,L4,5,S,S,"8,9",214,"5,6",Diesel
BMW,3-Series,Medium car,Saloon,4,5,L4,4,S,,"12,4",200,"7,8",Superkraftstoff
BMW,3-Series,Medium car,Saloon,4,5,L4,4,S,,"10,4",206,"7,9",Superkraftstoff
BMW,3-Series,Medium car,Saloon,4,5,L4,5,S,S,"10,9",206,"7,1",Super Plus
BMW,3-Series,Medium car,Saloon,4,5,L4,5,S,S,"9,3",218,"7,2",Super Plus
BMW,3-Series,Medium car,Saloon,4,5,L6,5,S,,"9,9",219,"8,9",Super Plus
BMW,3-Series,Medium car,Saloon,4,5,L6,5,S,S,"8,3",226,"8,9",Super Plus
BMW,3-Series,Medium car,Saloon,4,5,L6,5,S,,8,231,9,Super Plus
BMW,3-Series,Medium car,Saloon,4,5,L6,5,S,S,"7,2",240,"9,1",Super Plus
BMW,3-Series,Medium car,Saloon,4,5,L6,5,S,,7,240,9,Super Plus
BMW,3-Series,Medium car,Saloon,4,5,L6,5,S,S,"6,5",250,"9,1",Super Plus
BMW,3-Series,Medium car,Saloon,4,5,L4,-,S,S,"10,7",204,"5,6",Diesel
BMW,3-Series,Medium car,Saloon,4,5,L4,-,S,,"9,9",207,"5,7",Diesel
BMW,3-Series,Medium car,Saloon,4,5,L4,5,S,S,"8,9",216,"5,6",Diesel
BMW,3-Series,Medium car,Saloon,4,5,L6,5,S,,"7,8",227,"6,8",Diesel
BMW,3-Series,Medium car,Saloon,4,5,L6,5,S,S,"7,2",242,"6,6",Diesel
BMW,3-Series,Medium car,Saloon,4,5,L6,5,S,S,"7,4",236,"9,6",Super Plus
BMW,3-Series,Medium car,Saloon,4,5,L6,5,S,S,"7,5",234,10,Super Plus
BMW,3-Series,Medium car,Saloon,4,5,L6,5,S,S,"6,6",247,10,Super Plus
BMW,3-Series,Medium car,Saloon,4,5,L6,5,S,S,"8,5",224,"7,6",Diesel
BMW,3-Series,Medium car,Saloon,4,5,L6,5,S,S,"7,7",234,"7,6",Diesel
BMW,3-Series,Medium car,Estate,5,5,L4,4,S,,"10,9",202,"8,1",Superkraftstoff
BMW,3-Series,Medium car,Estate,5,5,L4,5,S,S,"11,2",200,"7,3",Super Plus
BMW,3-Series,Medium car,Estate,5,5,L4,5,S,S,"9,6",213,"7,4",Super Plus
BMW,3-Series,Medium car,Estate,5,5,L6,5,S,,"10,2",214,9,Superkraftstoff
BMW,3-Series,Medium car,Estate,5,5,L6,5,S,S,"8,4",224,9,Super Plus
BMW,3-Series,Medium car,Estate,5,5,L6,5,S,S,"7,4",237,"9,2",Super Plus
BMW,3-Series,Medium car,Estate,5,5,L6,5,S,,"7,3",237,"9,3",Superkraftstoff
BMW,3-Series,Medium car,Estate,5,5,L6,5,S,S,"6,7",250,"9,4",Super Plus
BMW,3-Series,Medium car,Estate,5,5,L4,-,S,S,"11,1",200,"5,6",Diesel
BMW,3-Series,Medium car,Estate,5,5,L4,-,S,,"10,1",207,"5,9",Diesel
BMW,3-Series,Medium car,Estate,5,5,L4,5,S,S,"9,3",211,"5,7",Diesel
BMW,3-Series,Medium car,Estate,5,5,L6,5,S,,"7,9",225,7,Diesel
BMW,3-Series,Medium car,Estate,5,5,L6,5,S,S,"7,6",237,"6,8",Diesel
BMW,3-Series,Medium car,Estate,5,5,L6,5,S,S,"7,6",231,"9,8",Super Plus
BMW,3-Series,Medium car,Estate,5,5,L6,5,S,S,"6,8",243,"10,3",Super Plus
BMW,3-Series,Medium car,Estate,5,5,L6,5,S,S,"8,7",221,"7,7",Diesel
BMW,3-Series,Medium car,Estate,5,5,L6,5,S,S,"7,9",230,"7,8",Diesel
BMW,3-Series,Medium car,Coupe,2,5,L4,4,S,,"10,4",206,"7,9",Superkraftstoff
BMW,3-Series,Medium car,Coupe,2,5,L4,5,S,S,"9,3",218,"7,2",Super Plus
BMW,3-Series,Medium car,Coupe,2,5,L6,5,S,,"9,9",221,"8,9",Superkraftstoff
BMW,3-Series,Medium car,Coupe,2,5,L6,5,S,S,"8,2",226,"8,9",Super Plus
BMW,3-Series,Medium car,Coupe,2,5,L6,5,S,,8,233,9,Superkraftstoff
BMW,3-Series,Medium car,Coupe,2,5,L6,5,S,S,"7,2",240,"9,1",Super Plus
BMW,3-Series,Medium car,Coupe,2,5,L6,5,S,,7,242,9,Superkraftstoff
BMW,3-Series,Medium car,Coupe,2,5,L6,5,S,S,"6,5",250,"9,1",Super Plus
BMW,3-Series,Medium car,Coupe,2,5,L4,5,S,S,"8,8",221,"5,8",Diesel
BMW,3-Series,Medium car,Coupe,2,5,L6,5,S,S,"7,2",242,"6,6",Diesel
BMW,3-Series,Medium car,Coupe,2,5,L6,-,S,S,"5,2",250,"11,9",Super Plus
BMW,3-Series,Medium car,Coupe,2,4,L6,-,S,S,"4,9",250,"11,9",Super Plus
BMW,3-Series,Medium car,Cabrio,2,4,L4,5,S,S,"10,2",206,"7,7",Super Plus
BMW,3-Series,Medium car,Cabrio,2,4,L6,5,S,S,"8,8",222,"9,4",Super Plus
BMW,3-Series,Medium car,Cabrio,2,4,L6,5,S,S,"7,7",234,"9,6",Super Plus
BMW,3-Series,Medium car,Cabrio,2,4,L6,5,S,S,"6,9",247,"9,5",Super Plus
BMW,3-Series,Medium car,Coupe,2,4,L4,5,S,S,"9,7",211,"6,3",Diesel
BMW,3-Series,Medium car,Coupe,2,4,L6,5,S,S,"7,8",234,7,Diesel
BMW,3-Series,Medium car,Cabrio,2,4,L6,-,S,S,"5,5",250,"12,1",Super Plus
BMW,3-Series,Medium car,Saloon,4,5,L4,6,S,S,10,208,"7,3",Super Plus
BMW,3-Series,Medium car,Saloon,4,5,L4,6,S,S,"9,1",210,"5,9",Super Plus
BMW,3-Series,Medium car,Saloon,4,5,L4,6,S,S,9,220,"7,5",Super Plus
BMW,3-Series,Medium car,Saloon,4,5,L4,6,S,S,"8,2",228,"6,1",Super Plus
BMW,3-Series,Medium car,Saloon,4,5,L4,6,S,S,"8,1",225,"8,9",Super Plus
BMW,3-Series,Medium car,Saloon,4,5,L6,6,S,S,7,245,"8,4",Super Plus
BMW,3-Series,Medium car,Saloon,4,5,L6,6,S,S,"6,7",250,"7,1",Super Plus
BMW,3-Series,Medium car,Saloon,4,5,L6,6,S,S,"6,3",250,"8,7",Super Plus
BMW,3-Series,Medium car,Saloon,4,5,L6,6,S,S,"6,1",250,"7,2",Super Plus
BMW,3-Series,Medium car,Saloon,4,5,L6,6,S,S,"5,6",250,"9,6",Super Plus
BMW,3-Series,Medium car,Saloon,4,5,L6,6,S,S,"5,6",250,"9,1",Super Plus
BMW,3-Series,Medium car,Saloon,4,5,L6,6,S,S,"5,6",250,"8,4",Superkraftstoff
BMW,3-Series,Medium car,Saloon,4,5,V8,-,S,S,"4,9",250,"12,4",Superkraftstoff
BMW,3-Series,Medium car,Saloon,4,5,L4,6,S,S,"10,9",202,"4,5",Diesel + partikelfilter
BMW,3-Series,Medium car,Saloon,4,5,L4,-,S,S,"10,6",206,"5,6",Diesel + partikelfilter
BMW,3-Series,Medium car,Saloon,4,5,L4,-,S,S,"9,3",210,"4,7",Diesel + partikelfilter
BMW,3-Series,Medium car,Saloon,4,5,L4,6,S,S,"9,1",210,"4,5",Diesel + partikelfilter
BMW,3-Series,Medium car,Saloon,4,5,L4,6,S,S,"8,3",225,"5,7",Diesel + partikelfilter
BMW,3-Series,Medium car,Saloon,4,5,L4,6,S,S,"8,2",225,"4,1",Diesel + partikelfilter
BMW,3-Series,Medium car,Saloon,4,5,L4,6,S,S,"7,9",230,"4,8",Diesel + partikelfilter
BMW,3-Series,Medium car,Saloon,4,5,L4,6,S,S,"7,5",235,"4,7",Diesel + partikelfilter
BMW,3-Series,Medium car,Saloon,4,5,L6,-,S,S,"7,4",235,"6,4",Diesel + partikelfilter
BMW,3-Series,Medium car,Saloon,4,5,L6,6,S,S,"7,4",235,"5,9",Diesel + partikelfilter
BMW,3-Series,Medium car,Saloon,4,5,L6,6,S,S,7,242,"5,7",Diesel + partikelfilter
BMW,3-Series,Medium car,Saloon,4,5,L6,6,S,S,"6,7",250,"6,5",Diesel + partikelfilter
BMW,3-Series,Medium car,Saloon,4,5,L6,6,S,S,"6,7",250,"6,1",Diesel + partikelfilter
BMW,3-Series,Medium car,Saloon,4,5,L6,6,S,S,"6,1",250,"5,7",Diesel + partikelfilter
BMW,3-Series,Medium car,Saloon,4,5,L6,6,S,S,"6,1",250,"5,7",Diesel + partikelfilter
BMW,3-Series,Medium car,Saloon,4,5,L6,6,S,S,"6,2",250,"7,5",Diesel + partikelfilter
BMW,3-Series,Medium car,Saloon,4,5,L6,6,S,S,"6,2",250,"6,7",Diesel + partikelfilter
BMW,3-Series,Medium car,Saloon,4,5,L6,6,S,S,6,250,"6,6",Diesel + partikelfilter
BMW,3-Series,Medium car,Saloon,4,5,L6,6,S,S,"7,5",242,"9,2",Super Plus
BMW,3-Series,Medium car,Saloon,4,5,L6,6,S,S,"7,3",244,"7,9",Super Plus
BMW,3-Series,Medium car,Saloon,4,5,L6,6,S,S,"7,3",244,"8,1",Super Plus
BMW,3-Series,Medium car,Saloon,4,5,L6,6,S,S,"6,4",250,"9,6",Super Plus
BMW,3-Series,Medium car,Saloon,4,5,L6,6,S,S,"6,2",250,8,Super Plus
BMW,3-Series,Medium car,Saloon,4,5,L6,6,S,S,"6,2",250,"8,2",Super Plus
BMW,3-Series,Medium car,Saloon,4,5,L6,6,S,S,"5,5",250,"9,7",Super Plus
BMW,3-Series,Medium car,Saloon,4,5,L6,6,S,S,"5,4",250,"8,8",Superkraftstoff
BMW,3-Series,Medium car,Saloon,4,5,L4,6,S,S,"8,2",224,"5,4",Diesel + partikelfilter
BMW,3-Series,Medium car,Saloon,4,5,L4,6,S,S,"7,9",230,"5,2",Diesel + partikelfilter
BMW,3-Series,Medium car,Saloon,4,5,L6,6,S,S,"6,6",242,"7,2",Diesel + partikelfilter
BMW,3-Series,Medium car,Saloon,4,5,L6,6,S,S,"6,6",242,"6,8",Diesel + partikelfilter
BMW,3-Series,Medium car,Saloon,4,5,L6,6,S,S,"5,9",247,"6,5",Diesel + partikelfilter
BMW,3-Series,Medium car,Estate,5,5,L4,6,S,S,"10,4",206,"7,6",Super Plus
BMW,3-Series,Medium car,Estate,5,5,L4,6,S,S,"9,5",210,6,Super Plus
BMW,3-Series,Medium car,Estate,5,5,L4,6,S,S,"9,4",218,"7,6",Super Plus
BMW,3-Series,Medium car,Estate,5,5,L4,6,S,S,"8,4",226,"6,2",Super Plus
BMW,3-Series,Medium car,Estate,5,5,L6,6,S,S,"7,2",243,"8,6",Super Plus
BMW,3-Series,Medium car,Estate,5,5,L6,6,S,S,"6,9",248,"7,2",Super Plus
BMW,3-Series,Medium car,Estate,5,5,L6,6,S,S,"6,4",250,8,Super Plus
BMW,3-Series,Medium car,Estate,5,5,L6,6,S,S,"6,2",250,"7,3",Super Plus
BMW,3-Series,Medium car,Estate,5,5,L6,6,S,S,"5,7",250,"9,8",Super Plus
BMW,3-Series,Medium car,Estate,5,5,L6,6,S,S,"5,7",250,"9,3",Super Plus
BMW,3-Series,Medium car,Estate,5,5,L6,6,S,S,"5,7",250,"8,5",Superkraftstoff
BMW,3-Series,Medium car,Estate,5,5,L4,6,S,S,"11,2",201,"4,5",Diesel + partikelfilter
BMW,3-Series,Medium car,Estate,5,5,L4,-,S,S,"10,9",204,"5,8",Diesel + partikelfilter
BMW,3-Series,Medium car,Estate,5,5,L4,-,S,S,"9,6",210,"4,8",Diesel + partikelfilter
BMW,3-Series,Medium car,Estate,5,5,L4,6,S,S,"9,4",210,"4,5",Diesel + partikelfilter
BMW,3-Series,Medium car,Estate,5,5,L4,6,S,S,"8,6",223,"5,9",Diesel + partikelfilter
BMW,3-Series,Medium car,Estate,5,5,L4,6,S,S,"8,1",228,"4,9",Diesel + partikelfilter
BMW,3-Series,Medium car,Estate,5,5,L4,6,S,S,"8,3",223,"4,3",Diesel + partikelfilter
BMW,3-Series,Medium car,Estate,5,5,L4,6,S,S,"7,7",233,"4,8",Diesel + partikelfilter
BMW,3-Series,Medium car,Estate,5,5,L6,-,S,S,"7,6",233,"6,6",Diesel + partikelfilter
BMW,3-Series,Medium car,Estate,5,5,L6,6,S,S,"7,6",233,6,Diesel + partikelfilter
BMW,3-Series,Medium car,Estate,5,5,L6,6,S,S,"7,2",240,"5,8",Diesel + partikelfilter
BMW,3-Series,Medium car,Estate,5,5,L6,6,S,S,"6,8",248,"6,7",Diesel + partikelfilter
BMW,3-Series,Medium car,Estate,5,5,L6,6,S,S,"6,2",250,"5,9",Diesel + partikelfilter
BMW,3-Series,Medium car,Estate,5,5,L6,6,S,S,"6,3",250,"7,7",Diesel + partikelfilter
BMW,3-Series,Medium car,Estate,5,5,L6,6,S,S,"6,3",250,"5,8",Diesel + partikelfilter
BMW,3-Series,Medium car,Estate,5,5,L6,6,S,S,"6,1",250,"6,7",Diesel + partikelfilter
BMW,3-Series,Medium car,Estate,5,5,L6,6,S,S,"7,7",240,"9,4",Super Plus
BMW,3-Series,Medium car,Estate,5,5,L6,6,S,S,"7,7",242,8,Super Plus
BMW,3-Series,Medium car,Estate,5,5,L6,6,S,S,"6,6",250,"9,8",Super Plus
BMW,3-Series,Medium car,Estate,5,5,L6,6,S,S,"6,4",250,8,Super Plus
BMW,3-Series,Medium car,Estate,5,5,L6,6,S,S,"5,6",250,"9,8",Super Plus
BMW,3-Series,Medium car,Estate,5,5,L4,6,S,S,"8,5",222,"5,6",Diesel + partikelfilter
BMW,3-Series,Medium car,Estate,5,5,L4,6,S,S,"8,2",228,"5,3",Diesel + partikelfilter
BMW,3-Series,Medium car,Estate,5,5,L6,6,S,S,"6,7",238,"7,4",Diesel + partikelfilter
BMW,3-Series,Medium car,Estate,5,5,L6,6,S,S,"6,7",238,"6,9",Diesel + partikelfilter
BMW,3-Series,Medium car,Estate,5,5,L6,6,S,S,6,245,"6,6",Diesel + partikelfilter
BMW,3-Series,Medium car,Coupe,2,4,L4,-,S,S,"10,7",210,"5,9",Superkraftstoff
BMW,3-Series,Medium car,Coupe,2,4,L4,6,S,S,"9,1",210,"6,3",Superkraftstoff
BMW,3-Series,Medium car,Coupe,2,4,L4,6,S,S,"8,1",230,"6,3",Super Plus
BMW,3-Series,Medium car,Coupe,2,4,L6,6,S,S,"6,9",247,"8,4",Super Plus
BMW,3-Series,Medium car,Coupe,2,4,L6,6,S,S,"6,6",250,"7,1",Super Plus
BMW,3-Series,Medium car,Coupe,2,4,L6,6,S,S,"6,1",250,"8,8",Super Plus
BMW,3-Series,Medium car,Coupe,2,4,L6,6,S,S,6,250,"7,2",Super Plus
BMW,3-Series,Medium car,Coupe,2,4,L6,6,S,S,"5,5",250,"9,5",Super Plus
BMW,3-Series,Medium car,Coupe,2,4,L6,6,S,S,"5,5",250,"9,1",Super Plus
BMW,3-Series,Medium car,Coupe,2,4,V8,-,S,S,"4,8",250,"12,4",Super Plus
BMW,3-Series,Medium car,Coupe,2,4,V8,7,S,S,"4,4",305,"12,7",Superkraftstoff
BMW,3-Series,Medium car,Coupe,2,4,L4,6,S,S,"7,9",232,"4,8",Diesel + partikelfilter
BMW,3-Series,Medium car,Coupe,2,4,L4,6,S,S,"7,5",237,"4,7",Diesel + partikelfilter
BMW,3-Series,Medium car,Coupe,2,4,L6,6,S,S,"7,3",238,"5,9",Diesel + partikelfilter
BMW,3-Series,Medium car,Coupe,2,4,L6,6,S,S,"6,9",244,"5,7",Diesel + partikelfilter
BMW,3-Series,Medium car,Coupe,2,4,L6,6,S,S,"6,6",250,"6,5",Diesel + partikelfilter
BMW,3-Series,Medium car,Coupe,2,4,L6,6,S,S,6,250,"5,7",Diesel + partikelfilter
BMW,3-Series,Medium car,Coupe,2,4,L6,6,S,S,"6,1",250,"8,8",Diesel + partikelfilter
BMW,3-Series,Medium car,Coupe,2,4,L6,6,S,S,"7,2",246,"7,9",Super Plus
BMW,3-Series,Medium car,Coupe,2,4,L6,6,S,S,6,250,8,Super Plus
BMW,3-Series,Medium car,Coupe,2,4,L6,6,S,S,"5,4",250,"9,7",Super Plus
BMW,3-Series,Medium car,Coupe,2,4,L6,6,S,S,"5,3",250,"8,8",Superkraftstoff
BMW,3-Series,Medium car,Coupe,2,4,L4,6,S,S,"8,1",226,"5,4",Diesel + partikelfilter
BMW,3-Series,Medium car,Coupe,2,4,L4,6,S,S,"7,8",232,"5,2",Diesel + partikelfilter
BMW,3-Series,Medium car,Coupe,2,4,L6,6,S,S,"6,5",242,"6,8",Diesel + partikelfilter
BMW,3-Series,Medium car,Coupe,2,4,L6,6,S,S,"5,8",250,"6,5",Diesel + partikelfilter
BMW,3-Series,Medium car,Cabrio,2,4,L4,6,S,S,"10,3",210,"6,6",Superkraftstoff
BMW,3-Series,Medium car,Cabrio,2,4,L4,6,S,S,"9,1",228,"6,6",Super Plus
BMW,3-Series,Medium car,Cabrio,2,4,L6,6,S,S,"7,6",245,"7,6",Super Plus
BMW,3-Series,Medium car,Cabrio,2,4,L6,6,S,S,"6,5",250,"7,7",Super Plus
BMW,3-Series,Medium car,Cabrio,2,4,L6,6,S,S,"5,8",250,"9,5",Super Plus
BMW,3-Series,Medium car,Cabrio,2,4,V8,7,S,S,"5,3",250,"12,9",Superkraftstoff
BMW,3-Series,Medium car,Cabrio,2,4,L4,6,S,S,"8,6",223,"5,3",Diesel + partikelfilter
BMW,3-Series,Medium car,Cabrio,2,4,L4,6,S,S,"8,3",228,"5,1",Diesel + partikelfilter
BMW,3-Series,Medium car,Cabrio,2,4,L6,6,S,S,"7,9",235,"6,2",Diesel + partikelfilter
BMW,3-Series,Medium car,Cabrio,2,4,L6,6,S,S,"7,5",238,"6,1",Diesel + partikelfilter
BMW,3-Series,Medium car,Cabrio,2,4,L6,6,S,S,7,245,"6,5",Diesel + partikelfilter
BMW,3-Series,Medium car,Cabrio,2,4,L6,6,S,S,"6,4",250,"6,1",Diesel + partikelfilter
BMW,3-Series,Medium car,Saloon,4,5,L4,8,S,,"8,9",210,"5,8",Super Plus
BMW,3-Series,Medium car,Saloon,4,5,L3,8,S,,"8,9",210,"5,1",Super Plus
BMW,3-Series,Medium car,Saloon,4,5,L4,8,S,,"7,6",230,"5,3",Super Plus
BMW,3-Series,Medium car,Saloon,4,5,L4,8,S,,"7,3",235,"6,1",Super Plus
BMW,3-Series,Medium car,Saloon,4,5,L4,8,S,,"7,2",235,"5,5",Super Plus
BMW,3-Series,Medium car,Saloon,4,5,L4,8,S,,"7,5",232,"6,4",Super Plus
BMW,3-Series,Medium car,Saloon,4,5,L4,8,S,,"5,9",250,"6,4",Super Plus
BMW,3-Series,Medium car,Saloon,4,5,L4,8,S,,"5,7",250,"6,8",Super Plus
BMW,3-Series,Medium car,Saloon,4,5,L4,8,S,,"5,9",250,"6,1",Super Plus
BMW,3-Series,Medium car,Saloon,4,5,L4,8,S,,"5,8",250,"5,9",Super Plus
BMW,3-Series,Medium car,Saloon,4,5,PlugIn-Hybrid (Otto/Elektro)4,8,S,,"6,1",225,"1,9",Super Plus
BMW,3-Series,Medium car,Saloon,4,5,L6,8,S,,"5,5",250,"7,9",Super Plus
BMW,3-Series,Medium car,Saloon,4,5,L6,8,S,,"5,3",250,"8,2",Super Plus
BMW,3-Series,Medium car,Saloon,4,5,L6,8,S,,"5,5",250,"7,4",Super Plus
BMW,3-Series,Medium car,Saloon,4,5,L6,8,S,,5,250,"7,7",Super Plus
BMW,3-Series,Medium car,Saloon,4,5,L4,8,S,,"10,9",202,"4,3",Diesel
BMW,3-Series,Medium car,Saloon,4,5,L4,8,S,,"10,7",205,"3,9",Diesel
BMW,3-Series,Medium car,Saloon,4,5,L4,8,S,,9,212,"4,3",Diesel
BMW,3-Series,Medium car,Saloon,4,5,L4,-,S,,"9,2",212,"4,7",Diesel
BMW,3-Series,Medium car,Saloon,4,5,L4,8,S,,9,212,"4,3",Diesel
BMW,3-Series,Medium car,Saloon,4,5,L4,8,S,,"8,6",215,4,Diesel
BMW,3-Series,Medium car,Saloon,4,5,L4,8,S,,"8,8",212,"4,5",Diesel
BMW,3-Series,Medium car,Saloon,4,5,L4,8,S,,8,230,"4,1",Diesel
BMW,3-Series,Medium car,Saloon,4,5,L4,8,S,,"7,5",235,"4,5",Diesel
BMW,3-Series,Medium car,Saloon,4,5,L4,8,S,,"7,5",235,"4,5",Diesel
BMW,3-Series,Medium car,Saloon,4,5,L4,8,S,,"7,5",233,"4,7",Diesel
BMW,3-Series,Medium car,Saloon,4,5,L4,8,S,,"7,9",230,"3,9",Diesel
BMW,3-Series,Medium car,Saloon,4,5,L4,8,S,,"7,3",235,4,Diesel
BMW,3-Series,Medium car,Saloon,4,5,L4,8,S,,"7,4",233,"4,4",Diesel
BMW,3-Series,Medium car,Saloon,4,5,L4,8,S,,"6,8",245,"4,9",Diesel
BMW,3-Series,Medium car,Saloon,4,5,L4,8,S,,"6,8",245,"4,9",Diesel
BMW,3-Series,Medium car,Saloon,4,5,L4,8,S,,"6,5",245,"4,6",Diesel
BMW,3-Series,Medium car,Saloon,4,5,L6,8,S,,"5,6",250,"4,9",Diesel
BMW,3-Series,Medium car,Saloon,4,5,L6,8,S,,"5,6",250,"4,9",Diesel
BMW,3-Series,Medium car,Saloon,4,5,L6,8,S,,"5,3",250,"5,2",Diesel
BMW,3-Series,Medium car,Saloon,4,5,L6,8,S,,"5,3",250,"5,2",Diesel
BMW,3-Series,Medium car,Saloon,4,5,L6,8,S,,"5,6",250,"4,9",Diesel
BMW,3-Series,Medium car,Saloon,4,5,L6,8,S,,"5,3",250,"5,2",Diesel
BMW,3-Series,Medium car,Saloon,4,5,L6,8,S,,"4,8",250,"5,4",Diesel
BMW,3-Series,Medium car,Saloon,4,5,L6,8,S,,"4,8",250,"5,4",Diesel
BMW,3-Series,Medium car,Saloon,4,5,Voll-Hybrid (Otto/Elektro)6,8,S,,"5,3",250,"5,9",Super Plus
BMW,3-Series,Medium car,Saloon,4,5,L6,7,S,,"4,3",250,"8,8",Super Plus
BMW,3-Series,Medium car,Saloon,4,5,L6,7,S,,"4,3",250,"8,8",Super Plus
BMW,3-Series,Medium car,Saloon,4,5,L6,7,S,,"4,2",250,"8,8",Super Plus
BMW,3-Series,Medium car,Estate,5,5,L4,8,S,,"9,4",210,"5,9",Super Plus
BMW,3-Series,Medium car,Estate,5,5,L3,8,S,,"9,2",210,"5,4",Super Plus
BMW,3-Series,Medium car,Estate,5,5,L4,8,S,,"7,5",233,"6,4",Super Plus
BMW,3-Series,Medium car,Estate,5,5,L4,8,S,,"7,6",225,"6,8",Super Plus
BMW,3-Series,Medium car,Estate,5,5,L4,8,S,,"7,5",230,"5,9",Super Plus
BMW,3-Series,Medium car,Estate,5,5,L4,8,S,,"7,7",225,"6,8",Super Plus
BMW,3-Series,Medium car,Estate,5,5,L4,8,S,,6,250,"6,8",Super Plus
BMW,3-Series,Medium car,Estate,5,5,L4,8,S,,"5,9",250,"7,1",Super Plus
BMW,3-Series,Medium car,Estate,5,5,L4,8,S,,6,250,"6,4",Super Plus
BMW,3-Series,Medium car,Estate,5,5,L4,8,S,,6,250,"6,2",Super Plus
BMW,3-Series,Medium car,Estate,5,5,L6,8,S,,"5,5",250,"8,1",Super Plus
BMW,3-Series,Medium car,Estate,5,5,L6,8,S,,"5,1",250,"7,9",Super Plus
BMW,3-Series,Medium car,Estate,5,5,L6,8,S,,"5,1",250,"6,8",Super Plus
BMW,3-Series,Medium car,Estate,5,5,L6,8,S,,5,250,"7,2",Super Plus
BMW,3-Series,Medium car,Estate,5,5,L4,8,S,,"11,2",200,"4,5",Diesel
BMW,3-Series,Medium car,Estate,5,5,L4,8,S,,"11,2",200,"4,1",Diesel
BMW,3-Series,Medium car,Estate,5,5,L4,8,S,,"9,2",210,"4,5",Diesel
BMW,3-Series,Medium car,Estate,5,5,L4,8,S,,"9,2",210,"4,5",Diesel
BMW,3-Series,Medium car,Estate,5,5,L4,8,S,,"8,9",210,"4,3",Diesel
BMW,3-Series,Medium car,Estate,5,5,L4,-,S,,"9,2",206,"4,7",Diesel
BMW,3-Series,Medium car,Estate,5,5,L4,8,S,,"8,3",222,"4,3",Diesel
BMW,3-Series,Medium car,Estate,5,5,L4,8,S,,"7,7",230,"4,7",Diesel
BMW,3-Series,Medium car,Estate,5,5,L4,8,S,,"7,7",230,"4,7",Diesel
BMW,3-Series,Medium car,Estate,5,5,L4,8,S,,"7,8",228,"4,9",Diesel
BMW,3-Series,Medium car,Estate,5,5,L4,8,S,,"8,2",222,"4,1",Diesel
BMW,3-Series,Medium car,Estate,5,5,L4,8,S,,"7,6",230,"4,3",Diesel
BMW,3-Series,Medium car,Estate,5,5,L4,8,S,,"7,6",228,"4,7",Diesel
BMW,3-Series,Medium car,Estate,5,5,L4,8,S,,"6,9",238,"5,1",Diesel
BMW,3-Series,Medium car,Estate,5,5,L4,8,S,,"6,9",238,"5,1",Diesel
BMW,3-Series,Medium car,Estate,5,5,L4,8,S,,"6,7",240,"4,9",Diesel
BMW,3-Series,Medium car,Estate,5,5,L6,8,S,,"5,6",250,"5,1",Diesel
BMW,3-Series,Medium car,Estate,5,5,L6,8,S,,"5,6",250,"5,1",Diesel
BMW,3-Series,Medium car,Estate,5,5,L6,8,S,,"5,4",250,"5,4",Diesel
BMW,3-Series,Medium car,Estate,5,5,L6,8,S,,"5,4",250,"5,4",Diesel
BMW,3-Series,Medium car,Estate,5,5,L6,8,S,,"5,6",250,"5,1",Diesel
BMW,3-Series,Medium car,Estate,5,5,L6,8,S,,"5,4",250,"5,4",Diesel
BMW,3-Series,Medium car,Estate,5,5,L6,8,S,,"4,9",250,"5,6",Diesel
BMW,3-Series,Medium car,Estate,5,5,L6,8,S,,"4,9",250,"5,6",Diesel
BMW,3-Series,Medium car,Liftback,5,5,L4,8,S,,"7,9",230,"6,6",Super Plus
BMW,3-Series,Medium car,Liftback,5,5,L4,8,S,,8,227,7,Super Plus
BMW,3-Series,Medium car,Liftback,5,5,L4,8,S,,8,230,"6,1",Super Plus
BMW,3-Series,Medium car,Liftback,5,5,L4,8,S,,"8,1",227,"6,7",Super Plus
BMW,3-Series,Medium car,Liftback,5,5,L4,8,S,,"6,1",250,"6,7",Super Plus
BMW,3-Series,Medium car,Liftback,5,5,L4,8,S,,"6,2",247,"6,8",Super Plus
BMW,3-Series,Medium car,Liftback,5,5,L4,8,S,,"6,1",250,"5,9",Super Plus
BMW,3-Series,Medium car,Liftback,5,5,L4,8,S,,"6,2",250,"6,3",Super Plus
BMW,3-Series,Medium car,Liftback,5,5,L6,8,S,,"5,7",250,"8,1",Super Plus
BMW,3-Series,Medium car,Liftback,5,5,L6,8,S,,"5,3",250,8,Super Plus
BMW,3-Series,Medium car,Liftback,5,5,L6,8,S,,"5,1",250,7,Super Plus
BMW,3-Series,Medium car,Liftback,5,5,L6,8,S,,5,250,"7,4",Super Plus
BMW,3-Series,Medium car,Liftback,5,5,L4,8,S,,"9,7",210,"4,5",Diesel
BMW,3-Series,Medium car,Liftback,5,5,L4,8,S,,"9,3",210,"4,5",Diesel
BMW,3-Series,Medium car,Liftback,5,5,L4,8,S,,"9,3",210,"4,5",Diesel
BMW,3-Series,Medium car,Liftback,5,5,L4,8,S,,8,230,"4,9",Diesel
BMW,3-Series,Medium car,Liftback,5,5,L4,8,S,,8,230,"5,1",Diesel
BMW,3-Series,Medium car,Liftback,5,5,L4,8,S,,"7,8",230,"4,6",Diesel
BMW,3-Series,Medium car,Liftback,5,5,L4,8,S,,"7,8",230,"4,8",Diesel
BMW,3-Series,Medium car,Liftback,5,5,L4,8,S,,"7,8",230,"4,6",Diesel
BMW,3-Series,Medium car,Liftback,5,5,L4,8,S,,"7,8",230,"4,8",Diesel
BMW,3-Series,Medium car,Liftback,5,5,L4,8,S,,8,230,"5,1",Diesel
BMW,3-Series,Medium car,Liftback,5,5,L4,8,S,,"6,4",240,"4,7",Diesel
BMW,3-Series,Medium car,Liftback,5,5,L6,8,S,,"5,7",250,"5,1",Diesel
BMW,3-Series,Medium car,Liftback,5,5,L6,8,S,,"5,4",250,"5,4",Diesel
BMW,3-Series,Medium car,Liftback,5,5,L6,8,S,,"5,7",250,"5,1",Diesel
BMW,3-Series,Medium car,Liftback,5,5,L6,8,S,,"5,4",250,"5,4",Diesel
BMW,3-Series,Medium car,Liftback,5,5,L6,8,S,,"4,9",250,"5,6",Diesel
BMW,3-Series,Medium car,Liftback,5,5,L6,8,S,,"4,9",250,"5,6",Diesel
BMW,4-Series,Medium car,Coupe,2,4,L4,8,S,,"7,3",236,"6,1",Super Plus
BMW,4-Series,Medium car,Coupe,2,4,L4,8,S,,"7,4",233,"6,8",Super Plus
BMW,4-Series,Medium car,Coupe,2,4,L4,8,S,,"7,3",236,"5,8",Super Plus
BMW,4-Series,Medium car,Coupe,2,4,L4,8,S,,"7,6",233,"6,6",Super Plus
BMW,4-Series,Medium car,Coupe,2,4,L4,8,S,,"5,9",250,"6,6",Super Plus
BMW,4-Series,Medium car,Coupe,2,4,L4,8,S,,"5,6",250,"6,8",Super Plus
BMW,4-Series,Medium car,Coupe,2,4,L4,8,S,,"5,9",250,"6,1",Super Plus
BMW,4-Series,Medium car,Coupe,2,4,L4,8,S,,"5,8",250,"5,9",Super Plus
BMW,4-Series,Medium car,Coupe,2,4,L6,8,S,,"5,4",250,"7,9",Super Plus
BMW,4-Series,Medium car,Coupe,2,4,L6,8,S,,"5,2",250,"8,2",Super Plus
BMW,4-Series,Medium car,Coupe,2,4,L6,8,S,,"5,2",250,"7,4",Super Plus
BMW,4-Series,Medium car,Coupe,2,4,L6,8,S,,5,250,"7,7",Super Plus
BMW,4-Series,Medium car,Coupe,2,4,L4,8,S,,"8,6",215,"4,2",Diesel
BMW,4-Series,Medium car,Coupe,2,4,L4,8,S,,"7,5",240,"4,7",Diesel
BMW,4-Series,Medium car,Coupe,2,4,L4,8,S,,"7,5",236,"4,8",Diesel
BMW,4-Series,Medium car,Coupe,2,4,L4,8,S,,"7,3",240,"4,2",Diesel
BMW,4-Series,Medium car,Coupe,2,4,L4,8,S,,"7,4",236,"4,4",Diesel
BMW,4-Series,Medium car,Coupe,2,4,L4,8,S,,"6,7",247,5,Diesel
BMW,4-Series,Medium car,Coupe,2,4,L4,8,S,,"6,5",247,"4,6",Diesel
BMW,4-Series,Medium car,Coupe,2,4,L6,8,S,,"5,5",250,"4,9",Diesel
BMW,4-Series,Medium car,Coupe,2,4,L6,8,S,,"5,2",250,"5,2",Diesel
BMW,4-Series,Medium car,Coupe,2,4,L6,8,S,,"4,7",250,"5,4",Diesel
BMW,4-Series,Medium car,Coupe,2,4,L6,7,S,,"4,3",250,"8,8",Super Plus
BMW,4-Series,Medium car,Coupe,2,4,L6,7,S,,"4,2",250,"8,8",Super Plus
BMW,4-Series,Medium car,Coupe,2,4,L6,7,S,,"3,8",305,"8,5",Super Plus
BMW,4-Series,Medium car,Coupe,2,4,L6,7,S,,"4,1",250,"8,8",Super Plus
BMW,4-Series,Medium car,Coupe,2,4,L6,7,S,,"3,8",305,"8,5",Super Plus
BMW,4-Series,Medium car,Cabrio,2,4,L4,8,S,,"8,2",230,"6,6",Super Plus
BMW,4-Series,Medium car,Cabrio,2,4,L4,8,S,,"8,2",230,"6,2",Super Plus
BMW,4-Series,Medium car,Cabrio,2,4,L4,8,S,,"6,4",250,"6,8",Super Plus
BMW,4-Series,Medium car,Cabrio,2,4,L4,8,S,,"6,5",250,7,Super Plus
BMW,4-Series,Medium car,Cabrio,2,4,L4,8,S,,"6,4",250,"6,6",Super Plus
BMW,4-Series,Medium car,Cabrio,2,4,L4,8,S,,"6,4",250,"6,4",Super Plus
BMW,4-Series,Medium car,Cabrio,2,4,L6,8,S,,"5,6",250,"8,1",Super Plus
BMW,4-Series,Medium car,Cabrio,2,4,L6,8,S,,"5,6",250,"8,5",Super Plus
BMW,4-Series,Medium car,Cabrio,2,4,L6,8,S,,"5,4",250,"6,8",Super Plus
BMW,4-Series,Medium car,Cabrio,2,4,L6,8,S,,"5,4",250,"7,3",Super Plus
BMW,4-Series,Medium car,Cabrio,2,4,L4,8,S,,"8,2",235,"5,1",Diesel
BMW,4-Series,Medium car,Cabrio,2,4,L4,8,S,,"8,1",235,"4,8",Diesel
BMW,4-Series,Medium car,Cabrio,2,4,L4,8,S,,"7,3",241,"5,2",Diesel
BMW,4-Series,Medium car,Cabrio,2,4,L4,8,S,,"7,1",241,"5,1",Diesel
BMW,4-Series,Medium car,Cabrio,2,4,L6,8,S,,"5,9",250,"5,3",Diesel
BMW,4-Series,Medium car,Cabrio,2,4,L6,8,S,,"5,2",250,"5,7",Diesel
BMW,4-Series,Medium car,Cabrio,2,4,L6,7,S,,"4,6",250,"9,1",Super Plus
BMW,4-Series,Medium car,Cabrio,2,4,L6,7,S,,"4,5",250,"9,1",Super Plus
BMW,4-Series,Medium car,Coupe,5,5,L4,8,S,,"7,5",236,"6,4",Super Plus
BMW,4-Series,Medium car,Coupe,5,5,L4,8,S,,"7,6",233,"6,9",Super Plus
BMW,4-Series,Medium car,Coupe,5,5,L4,8,S,,"7,5",236,"5,8",Super Plus
BMW,4-Series,Medium car,Coupe,5,5,L4,8,S,,"7,8",233,"6,6",Super Plus
BMW,4-Series,Medium car,Coupe,5,5,L4,8,S,,"6,1",250,"6,6",Super Plus
BMW,4-Series,Medium car,Coupe,5,5,L4,8,S,,"5,8",250,"6,8",Super Plus
BMW,4-Series,Medium car,Coupe,5,5,L4,8,S,,"5,9",250,"6,1",Super Plus
BMW,4-Series,Medium car,Coupe,5,5,L4,8,S,,"5,9",250,"5,9",Super Plus
BMW,4-Series,Medium car,Coupe,5,5,L6,8,S,,"5,5",250,"8,1",Super Plus
BMW,4-Series,Medium car,Coupe,5,5,L6,8,S,,"5,3",250,"8,3",Super Plus
BMW,4-Series,Medium car,Coupe,5,5,L6,8,S,,"5,1",250,"6,6",Super Plus
BMW,4-Series,Medium car,Coupe,5,5,L6,8,S,,5,250,"7,1",Super Plus
BMW,4-Series,Medium car,Coupe,5,5,L4,8,S,,"9,2",213,"4,7",Diesel
BMW,4-Series,Medium car,Coupe,5,5,L4,8,S,,9,213,"4,3",Diesel
BMW,4-Series,Medium car,Coupe,5,5,L4,8,S,,"7,7",236,"4,7",Diesel
BMW,4-Series,Medium car,Coupe,5,5,L4,8,S,,"7,7",234,"4,9",Diesel
BMW,4-Series,Medium car,Coupe,5,5,L4,8,S,,"7,5",236,"4,2",Diesel
BMW,4-Series,Medium car,Coupe,5,5,L4,8,S,,"7,6",234,"4,6",Diesel
BMW,4-Series,Medium car,Coupe,5,5,L4,8,S,,"6,7",247,"4,7",Diesel
BMW,4-Series,Medium car,Coupe,5,5,L6,8,S,,"5,6",250,"5,1",Diesel
BMW,4-Series,Medium car,Coupe,5,5,L6,8,S,,"5,3",250,"5,3",Diesel
BMW,4-Series,Medium car,Coupe,5,5,L4,8,S,,"4,8",250,"5,6",Diesel
Honda,Civic,Compact car,Hatchback,3,4,L4,O,-,,16,145,"9,5",Normal
Honda,Civic,Compact car,Saloon,4,4,L4,O,-,,14,160,11,Normal
Honda,Civic,Compact car,Hatchback,4,4,L4,O,-,,15,150,"8,5",Normal
Honda,Civic,Compact car,Hatchback,4,5,L4,O,-,,"17,5",140,"7,5",Normal
Honda,Civic,Compact car,Hatchback,4,5,L4,O,-,,"14,5",150,"7,6",Normal
Honda,Civic,Compact car,Hatchback,3,5,L4,-,-,,n/a,160,10,Normal
Honda,Civic,Compact car,Estate,5,5,L4,O,-,,21,135,"7,8",Normal
Honda,Civic,Compact car,Estate,5,5,L4,O,-,,,,,Normal
Honda,Civic,Compact car,Hatchback,3,5,L4,-,-,,"13,3",145,"8,5",Normal
Honda,Civic,Compact car,Hatchback,3,5,L4,O,-,,"11,5",157,"9,4",Normal
Honda,Civic,Compact car,Hatchback,3,5,L4,-,-,,"9,9",172,9,Normal
Honda,Civic,Compact car,Hatchback,3,5,L4,-,-,,"9,2",185,"7,2",Super
Honda,Civic,Compact car,Estate,5,5,L4,O,-,,"10,8",165,9,Normal
Honda,Civic,Compact car,Hatchback,3,5,L4,-,-,,n/a,168,n/a,Normal breifrei
Honda,Civic,Compact car,Hatchback,3,5,L4,O,-,,n/a,175,n/a,Normal breifrei
Honda,Civic,Compact car,Hatchback,3,5,L4,O,O,,"9,6",175,"6,6",Normal breifrei
Honda,Civic,Compact car,Hatchback,3,5,L4,-,-,,n/a,190,n/a,Normal breifrei
Honda,Civic,Compact car,Hatchback,3,5,L4,,,,"8,5",208,"7,4",
Honda,Civic,Compact car,Saloon,4,5,L4,O,-,,n/a,175,n/a,Normal breifrei
Honda,Civic,Compact car,Saloon,4,5,L4,O,O,,,,,Normal breifrei
Honda,Civic,Compact car,Saloon,4,5,L4,-,-,,n/a,190,n/a,Normal breifrei
Honda,Civic,Compact car,Estate,5,5,L4,-,O,,,,,Normal breifrei
Honda,Civic,Compact car,Hatchback,3,5,L4,-,S,,"11,3",170,7,Normalkraftstoff
Honda,Civic,Compact car,Hatchback,3,5,L4,4,S,,"8,7",177,"7,2",Normalkraftstoff
Honda,Civic,Compact car,Hatchback,3,5,L4,-,S,,"10,1",180,"5,9",n/a
Honda,Civic,Compact car,Hatchback,3,5,L4,4,S,,"8,7",195,"7,4",Super bleifrei
Honda,Civic,Compact car,Hatchback,3,5,L4,-,S,,"7,3",215,"7,5",Super bleifrei
Honda,Civic,Compact car,Liftback,5,5,L4,4,S,,"13,1",172,7,Normalkraftstoff
Honda,Civic,Compact car,Liftback,5,5,L4,-,S,,13,180,"6,1",Normalkraftstoff
Honda,Civic,Compact car,Liftback,5,5,L4,4,S,,10,192,"7,7",Super bleifrei
Honda,Civic,Compact car,Liftback,5,5,L4,-,S,,10,197,"7,1",Super bleifrei
Honda,Civic,Compact car,Saloon,5,5,L4,4,S,,"10,2",180,"7,2",Normalkraftstoff
Honda,Civic,Compact car,Saloon,5,5,L4,-,S,,"10,1",180,"5,9",Normalkraftstoff
Honda,Civic,Compact car,Saloon,5,5,L4,4,S,,"8,8",195,"7,5",Super bleifrei
Honda,Civic,Compact car,Saloon,5,5,L4,-,S,,"7,8",215,"7,6",Super bleifrei
Honda,Civic,Compact car,Coupe,2,5,L4,4,S,,n/a,190,"7,1",Normalkraftstoff
Honda,Civic,Compact car,Coupe,2,5,L4,4,S,,n/a,185,"7,4",Super bleifrei
Honda,Civic,Compact car,Hatchback,3,5,L4,-,-,,"13,9",165,"6,6",Normalkraftstoff
Honda,Civic,Compact car,Hatchback,3,5,L4,-,O,,"13,9",165,"6,8",Superkraftstoff
Honda,Civic,Compact car,Hatchback,3,5,L4,4,S,,"10,8",177,"6,6",Normalkraftstoff
Honda,Civic,Compact car,Hatchback,3,5,L4,4,S,,"10,8",177,"6,8",Superkraftstoff
Honda,Civic,Compact car,Hatchback,3,5,L4,4,S,,"10,2",188,"5,9",Normalkraftstoff
Honda,Civic,Compact car,Hatchback,3,5,L4,CVT,S,,11,170,"6,5",Super bleifrei
Honda,Civic,Compact car,Hatchback,3,5,L4,-,S,,8,207,"7,8",Super bleifrei
Honda,Civic,Compact car,Liftback,5,5,L4,4,S,,"13,1",172,7,Normalkraftstoff
Honda,Civic,Compact car,Liftback,5,5,L4,-,O,,"15,6",165,"7,7",Superkraftstoff
Honda,Civic,Compact car,Liftback,5,5,L4,4,S,,"14,4",175,"8,7",Superkraftstoff
Honda,Civic,Compact car,Liftback,5,5,L4,-,S,,13,180,"6,1",Normalkraftstoff
Honda,Civic,Compact car,Liftback,5,5,L4,-,S,,"11,6",180,"6,7",Superkraftstoff
Honda,Civic,Compact car,Liftback,5,5,L4,4,S,,"10,2",192,"7,3",Normalkraftstoff
Honda,Civic,Compact car,Liftback,5,5,L4,-,S,,"9,9",197,"7,7",Super bleifrei
Honda,Civic,Compact car,Liftback,5,5,L4,-,S,,11,192,"7,8",Superkraftstoff
Honda,Civic,Compact car,Liftback,5,5,L4,-,S,,"8,3",223,"8,8",Superkraftstoff
Honda,Civic,Compact car,Saloon,4,5,L4,4,S,,11,182,"6,6",Normalkraftstoff
Honda,Civic,Compact car,Saloon,4,5,L4,4,S,,"10,4",192,"5,9",Normalkraftstoff
Honda,Civic,Compact car,Coupe,2,5,L4,4,S,,"10,1",190,"6,6",Normalkraftstoff
Honda,Civic,Compact car,Coupe,2,5,L4,4,S,,"9,2",192,7,Normalkraftstoff
Honda,Civic,Compact car,Estate,5,5,L4,-,-,,"16,3",162,"7,6",Superkraftstoff
Honda,Civic,Compact car,Estate,5,5,L4,4,S,,"13,9",172,"7,6",Superkraftstoff
Honda,Civic,Compact car,Estate,5,5,L4,4,S,,"11,5",190,"6,8",Superkraftstoff
Honda,Civic,Compact car,Estate,5,5,L4,4,S,,"11,3",188,"7,9",Superkraftstoff
Honda,Civic,Compact car,Estate,5,5,L4,-,S,,"8,8",215,"8,8",Superkraftstoff
Honda,Civic,Compact car,Hatchback,3,5,L4,-,S,-,"11,6",177,"6,4",Superkraftstoff
Honda,Civic,Compact car,Hatchback,3,5,L4,4,S,-,"9,9",187,"6,7",Superkraftstoff
Honda,Civic,Compact car,Hatchback,3,5,L4,-,S,-,"6,8",235,9,Superkraftstoff
Honda,Civic,Compact car,Hatchback,3,5,L4,-,S,,"11,2",182,"5,1",Diesel
Honda,Civic,Compact car,Liftback,5,5,L4,-,S,-,"11,8",176,"6,5",Superkraftstoff
Honda,Civic,Compact car,Liftback,5,5,L4,4,S,-,"10,2",187,"6,7",Superkraftstoff
Honda,Civic,Compact car,Liftback,5,5,L4,-,S,-,"8,8",210,"7,6",Superkraftstoff
Honda,Civic,Compact car,Liftback,5,5,L4,-,S,,"11,4",182,"5,1",Diesel
Honda,Civic,Compact car,Coupe,2,5,L4,4,S,-,"9,7",200,7,Superkraftstoff
Honda,Civic,Compact car,Coupe,2,5,L4,4,S,-,"9,6",201,"6,8",Superkraftstoff
Honda,Civic,Compact car,Hatchback,3,5,L4,6,S,S,13,177,"5,8",Superkraftstoff
Honda,Civic,Compact car,Hatchback,3,5,L4,6,S,S,"8,9",205,"6,6",Superkraftstoff
Honda,Civic,Compact car,Hatchback,3,5,L4,-,S,S,"6,6",235,"9,1",Superkraftstoff
Honda,Civic,Compact car,Hatchback,3,5,L4,-,S,S,"8,6",205,"5,2",Diesel + partikelfilter
Honda,Civic,Compact car,Hatchback,5,5,L4,6,S,S,n/a,n/a,"6,1",Superkraftstoff
Honda,Civic,Compact car,Hatchback,5,5,L4,-,S,S,13,177,"5,8",Diesel
Honda,Civic,Compact car,Hatchback,5,5,L4,6,S,S,"8,6",n/a,"6,4",Superkraftstoff
Honda,Civic,Compact car,Hatchback,5,5,L4,6,S,S,n/a,n/a,"5,1",Diesel
Honda,Civic,Compact car,Saloon,4,5,L4+E,CVT,S,S,"12,1",185,"4,6",Superkraftstoff
Honda,Civic,Compact car,Saloon,4,5,L4+E,CVT,S,S,"12,1",185,"4,6",Superkraftstoff
Honda,Civic,Medium car,Hatchback,5,5,L4,-,S,,13,187,"5,4",Superkraftstoff
Honda,Civic,Medium car,Hatchback,5,5,L4,-,S,,13,187,"5,4",Superkraftstoff
Honda,Civic,Medium car,Hatchback,5,5,L4,5,S,,"8,7",190,"5,8",Superkraftstoff
Honda,Civic,Medium car,Hatchback,5,5,L4,5,S,,"8,7",190,"5,8",Superkraftstoff
Honda,Civic,Medium car,Hatchback,5,5,L4,-,S,,"10,2",207,"3,6",Diesel
Honda,Civic,Medium car,Hatchback,5,5,L4,-,S,,"10,2",207,"3,6",Diesel
Honda,Civic,Medium car,Hatchback,5,5,L4,-,S,,"8,3",217,"4,2",Diesel
Honda,Civic,Medium car,Hatchback,5,4,L4,-,S,,"5,7",270,"7,3",Superkraftstoff
Honda,Civic,Medium car,Saloon,4,5,L4,5,S,,9,200,"6,7",Superkraftstoff
Honda,Civic,Medium car,Estate,5,5,L4,5,S,,"9,2",210,"6,2",Superkraftstoff
Honda,Civic,Medium car,Estate,5,5,L4,5,S,,"9,2",210,"6,2",Superkraftstoff
Honda,Civic,Medium car,Estate,5,5,L4,-,S,,"10,5",195,"3,8",Diesel
Honda,Civic,Medium car,Estate,5,5,L4,-,S,,"10,1",195,"3,8",Diesel
Volkswagen,Golf,Compact car,Hatchback,3,5,L4,-,S,,"11,9",179,"4,9",Superkraftstoff
Volkswagen,Golf,Compact car,Hatchback,3,5,L4,7,S,,"10,2",192,"4,9",Superkraftstoff
Volkswagen,Golf,Compact car,Hatchback,3,5,L4,7,S,,"9,9",195,"4,9",Superkraftstoff
Volkswagen,Golf,Compact car,Hatchback,3,5,L3,7,S,,"9,7",204,"4,5",Superkraftstoff
Volkswagen,Golf,Compact car,Hatchback,3,5,L3,`-,S,,"11,9",180,"4,8",Superkraftstoff
Volkswagen,Golf,Compact car,Hatchback,3,5,L3,7,S,,"9,9",196,"4,8",Superkraftstoff
Volkswagen,Golf,Compact car,Hatchback,3,5,L4,7,S,,"9,3",203,"5,2",Superkraftstoff
Volkswagen,Golf,Compact car,Hatchback,3,5,L4,7,S,,"9,1",204,"5,2",Superkraftstoff
Volkswagen,Golf,Compact car,Hatchback,3,5,L4,7,S,,"9,1",204,"5,2",Superkraftstoff
Volkswagen,Golf,Compact car,Hatchback,3,5,L4,7,S,,"8,4",212,"5,2",Superkraftstoff
Volkswagen,Golf,Compact car,Hatchback,3,5,L4,7,S,,"8,2",216,"5,2",Superkraftstoff
Volkswagen,Golf,Compact car,Hatchback,3,5,L4,7,S,,"8,2",216,"5,2",Superkraftstoff
Volkswagen,Golf,Compact car,Hatchback,3,5,L4,7,S,,"10,7",192,"3,8",Diesel
Volkswagen,Golf,Compact car,Hatchback,3,5,L4,7,S,,"10,5",195,4,Diesel
Volkswagen,Golf,Compact car,Hatchback,3,5,L4,7,S,,"10,5",195,"3,8",Diesel
Volkswagen,Golf,Compact car,Hatchback,3,5,L4,-,S,,"10,5",200,"3,2",Diesel
Volkswagen,Golf,Compact car,Hatchback,3,5,L4,7,S,,"10,2",198,"4,1",Diesel
Volkswagen,Golf,Compact car,Hatchback,3,5,L4,6,S,,"8,6",216,"4,1",Diesel
Volkswagen,Golf,Compact car,Hatchback,3,5,L4,6,S,,"8,6",216,"4,1",Diesel
Volkswagen,Golf,Compact car,Hatchback,3,5,L4,7,S,,"8,6",216,"4,2",Diesel
Volkswagen,Golf,Compact car,Hatchback,3,5,L4,6,S,,"6,5",246,"6,4",Superkraftstoff
Volkswagen,Golf,Compact car,Hatchback,3,5,L4,6,S,,"6,4",250,"6,4",Superkraftstoff
Volkswagen,Golf,Compact car,Hatchback,3,5,L4,6,S,,"6,4",250,"6,4",Superkraftstoff
Volkswagen,Golf,Compact car,Hatchback,3,5,L4,6,S,,"6,3",250,7,Superkraftstoff
Volkswagen,Golf,Compact car,Hatchback,3,5,L4,7,S,,"5,1",250,"7,3",Super Plus
Volkswagen,Golf,Compact car,Hatchback,3,5,L4,7,S,,"5,1",250,"7,9",Super Plus
Volkswagen,Golf,Compact car,Hatchback,3,5,L4,6,S,,"7,5",230,"4,2",Diesel
Volkswagen,Golf,Compact car,Hatchback,5,5,L4,-,S,,"11,9",179,"4,9",Superkraftstoff
Volkswagen,Golf,Compact car,Hatchback,5,5,L4,7,S,,"10,2",192,"4,9",Superkraftstoff
Volkswagen,Golf,Compact car,Hatchback,5,5,L4,7,S,,"9,9",195,"4,9",Superkraftstoff
Volkswagen,Golf,Compact car,Hatchback,5,5,L3,7,S,,"9,7",204,"4,5",Superkraftstoff
Volkswagen,Golf,Compact car,Hatchback,5,5,L3,-,S,,"11,9",180,"4,8",Superkraftstoff
Volkswagen,Golf,Compact car,Hatchback,5,5,L3,7,S,,"9,9",196,"4,8",Superkraftstoff
Volkswagen,Golf,Compact car,Hatchback,5,5,L4,7,S,,"9,3",203,"5,2",Superkraftstoff
Volkswagen,Golf,Compact car,Hatchback,5,5,L4,7,S,,"9,1",204,"5,2",Superkraftstoff
Volkswagen,Golf,Compact car,Hatchback,5,5,L4,7,S,,"9,1",204,"5,2",Superkraftstoff
Volkswagen,Golf,Compact car,Hatchback,5,5,L4,7,S,,"8,4",212,"5,2",Superkraftstoff
Volkswagen,Golf,Compact car,Hatchback,5,5,L4,7,S,,"8,2",216,"5,2",Superkraftstoff
Volkswagen,Golf,Compact car,Hatchback,5,5,L4,7,S,,"8,2",216,"5,2",Superkraftstoff
Volkswagen,Golf,Compact car,Hatchback,5,5,L4,7,S,,"10,7",192,"3,8",Diesel
Volkswagen,Golf,Compact car,Hatchback,5,5,L4,-,S,,"11,5",186,"4,5",Diesel
Volkswagen,Golf,Compact car,Hatchback,5,5,L4,7,S,,"10,5",195,4,Diesel
Volkswagen,Golf,Compact car,Hatchback,5,5,L4,-,S,,"11,3",191,"4,8",Diesel
Volkswagen,Golf,Compact car,Hatchback,5,5,L4,7,S,,"10,5",195,"3,8",Diesel
Volkswagen,Golf,Compact car,Hatchback,5,5,L4,-,S,,"10,5",200,"3,2",Diesel
Volkswagen,Golf,Compact car,Hatchback,5,5,L4,7,S,,"10,2",198,"4,1",Diesel
Volkswagen,Golf,Compact car,Hatchback,5,5,L4,6,S,,"8,6",216,"4,1",Diesel
Volkswagen,Golf,Compact car,Hatchback,5,5,L4,7,S,,"8,6",210,"4,7",Diesel
Volkswagen,Golf,Compact car,Hatchback,5,5,L4,7,S,,"8,6",216,"4,2",Diesel
Volkswagen,Golf,Compact car,Hatchback,5,5,L4,7,S,,"8,6",211,"4,7",Diesel
Volkswagen,Golf,Compact car,Hatchback,5,5,L4,6,S,,"8,6",216,"4,1",Diesel
Volkswagen,Golf,Compact car,Hatchback,5,5,L4,-,S,,"8,6",211,"4,7",Diesel
Volkswagen,Golf,Compact car,Hatchback,5,5,L4,7,S,,"10,9",194,3.6 kg/100km ,Erdgas (kg)
Volkswagen,Golf,Compact car,Hatchback,5,5,L4,7,S,,"10,9",194,"5,4",Superkraftstoff
Volkswagen,Golf,Compact car,Hatchback,5,5,L4,7,S,,"10,6",195,3.6 kg/100km ,Erdgas (kg)
Volkswagen,Golf,Compact car,Hatchback,5,5,L4,7,S,,"10,6",195,"5,6",Superkraftstoff
Volkswagen,Golf,Compact car,Hatchback,5,5,L4,6,S,,"6,5",246,"6,4",Superkraftstoff
Volkswagen,Golf,Compact car,Hatchback,5,5,L4,6,S,,"6,4",250,"6,4",Superkraftstoff
Volkswagen,Golf,Compact car,Hatchback,5,5,L4,6,S,,"6,4",250,"6,4",Superkraftstoff
Volkswagen,Golf,Compact car,Hatchback,5,5,L4,6,S,,"6,3",250,7,Superkraftstoff
Volkswagen,Golf,Compact car,Hatchback,5,5,L4,6,S,,"5,1",250,"7,3",Super Plus
Volkswagen,Golf,Compact car,Hatchback,5,5,L4,6,S,,"5,1",250,"7,9",Super Plus
Volkswagen,Golf,Compact car,Hatchback,5,5,L4,6,S,,"7,5",230,"4,2",Diesel
Volkswagen,Golf,Compact car,Hatchback,5,5,PlugIn-Hybrid (Otto/Elektro)4,6,S,,"7,6",217,"1,5",Superkraftstoff
Volkswagen,Golf,Compact car,Hatchback,5,5,E,1,S,,"10,4",140,12.7 kWh/100km ,Strom (kWh)
Volkswagen,Golf,Compact car,Hatchback,5,5,E,1,S,,"9,6",150,12.7 kWh/100km ,Strom (kWh)
Volkswagen,Golf,Compact car,MPV,5,5,L4,,S,,"13,2",177,5,Superkraftstoff
Volkswagen,Golf,Compact car,MPV,5,5,L4,7,S,,"10,7",192,"5,2",Superkraftstoff
Volkswagen,Golf,Compact car,MPV,5,5,L3,7,S,,"10,4",198,"4,7",Superkraftstoff
Volkswagen,Golf,Compact car,MPV,5,5,L4,7,S,,"9,9",200,"5,5",Superkraftstoff
Volkswagen,Golf,Compact car,MPV,5,5,L4,7,S,,"8,8",212,"5,4",Superkraftstoff
Volkswagen,Golf,Compact car,MPV,5,5,L4,7,S,,"11,3",192,4,Diesel
Volkswagen,Golf,Compact car,MPV,5,5,L4,5,S,,"11,3",196,"3,6",Diesel
Volkswagen,Golf,Compact car,MPV,5,5,L4,6,S,,11,194,"4,2",Diesel
Volkswagen,Golf,Compact car,MPV,5,5,L4,6,S,,"9,2",212,"4,3",Diesel
Volkswagen,Golf,Compact car,Estate,5,5,L4,,S,,"12,6",180,5,Superkraftstoff
Volkswagen,Golf,Compact car,Estate,5,5,L4,7,S,,"10,7",193,5,Superkraftstoff
Volkswagen,Golf,Compact car,Estate,5,5,L4,7,S,,"10,4",196,"5,1",Superkraftstoff
Volkswagen,Golf,Compact car,Estate,5,5,L3,7,S,,"10,1",204,"4,5",Superkraftstoff
Volkswagen,Golf,Compact car,Estate,5,5,L3,7,S,,"10,4",197,"4,9",Superkraftstoff
Volkswagen,Golf,Compact car,Estate,5,5,L4,7,S,,"9,7",204,"5,3",Superkraftstoff
Volkswagen,Golf,Compact car,Estate,5,5,L4,7,S,,"9,5",205,"5,3",Superkraftstoff
Volkswagen,Golf,Compact car,Estate,5,5,L4,7,S,,"9,5",205,"5,3",Superkraftstoff
Volkswagen,Golf,Compact car,Estate,5,5,L4,7,S,,"8,9",213,"5,3",Superkraftstoff
Volkswagen,Golf,Compact car,Estate,5,5,L4,7,S,,"8,6",218,"5,3",Superkraftstoff
Volkswagen,Golf,Compact car,Estate,5,5,L4,7,S,,"8,6",218,"5,3",Superkraftstoff
Volkswagen,Golf,Compact car,Estate,5,5,L4,7,S,,"11,2",193,"3,9",Diesel
Volkswagen,Golf,Compact car,Estate,5,5,L4,-,S,,"11,9",189,"4,5",Diesel
Volkswagen,Golf,Compact car,Estate,5,5,L4,7,S,,11,196,4,Diesel
Volkswagen,Golf,Compact car,Estate,5,5,L4,-,S,,"11,7",192,"4,8",Diesel
Volkswagen,Golf,Compact car,Estate,5,5,L4,7,S,,"10,7",200,"4,1",Diesel
Volkswagen,Golf,Compact car,Estate,5,5,L4,7,S,,11,196,"3,9",Diesel
Volkswagen,Golf,Compact car,Estate,5,5,L4,-,S,,11,200,"3,3",Diesel
Volkswagen,Golf,Compact car,Estate,5,5,L4,6,S,,"8,9",218,"4,2",Diesel
Volkswagen,Golf,Compact car,Estate,5,5,L4,-,S,,"8,9",214,"4,8",Diesel
Volkswagen,Golf,Compact car,Estate,5,5,L4,7,S,,"8,9",218,"4,3",Diesel
Volkswagen,Golf,Compact car,Estate,5,5,L4,-,S,,"8,9",214,5,Diesel
Volkswagen,Golf,Compact car,Estate,5,5,L4,7,S,,"11,5",195,3.6 kg/100km ,Erdgas (kg)
Volkswagen,Golf,Compact car,Estate,5,5,L4,7,S,,"11,5",195,"5,4",Superkraftstoff
Volkswagen,Golf,Compact car,Estate,5,5,L4,7,S,,"10,9",196,3.6 kg/100km ,Erdgas (kg)
Volkswagen,Golf,Compact car,Estate,5,5,L4,7,S,,"10,9",196,"5,6",Superkraftstoff
Volkswagen,Golf,Compact car,Estate,5,5,L4,6,S,,"5,1",250,"7,2",Super Plus
Volkswagen,Golf,Compact car,Estate,5,5,L4,7,S,,"4,8",250,"7,2",Super Plus
Volkswagen,Golf,Compact car,Estate,5,5,L4,-,S,,"7,9",231,"4,4",Diesel
Volkswagen,Golf,Compact car,Estate,5,5,L4,6,S,,"7,8",217,"6,5",Superkraftstoff
Volkswagen,Golf,Compact car,Estate,5,5,L4,6,S,,"7,8",217,"6,7",Superkraftstoff
Volkswagen,Golf,Compact car,Estate,5,5,L4,-,S,,"12,1",187,5,Diesel
Volkswagen,Golf,Compact car,Estate,5,5,L4,-,S,,"8,9",207,"4,8",Diesel
Volkswagen,Golf,Compact car,Estate,5,5,L4,-,S,,"8,9",214,"5,1",Diesel
Volkswagen,Golf,Compact car,Estate,5,5,L4,6,S,,"7,8",219,"4,9",Diesel
Volkswagen,Golf,Compact car,Estate,5,5,L4,7,S,,"7,8",219,"5,2",Diesel
