name,description,price,imgUrl,linkto,maker,model,puissance,bvtype,percentage,loaprice,prixbarre,carburant,nbPlaces,bvdetail,detail1,detail2,datedispo
PEUGEOT 308,PureTech 130ch S&S BVM6 Allure Blanc Nacré + Driver Sport Pack + Roue de secours galette avec options,19 770,https://cdn.auto-ies.com/catalog/product/cache/1/image/1800x/040ec09b1e35df139433887a97daa66f/6/3/63726-02.jpg,https://www.auto-ies.com/peugeot-308-2036793,PEUGEOT,308,130,Manuelle,-32.1%,"142,36 €/mois",28 750,Essence,5 Places,Boite de vitesse Manuelle 6 vitesses,Carrosserie Berline - 5 Portes,Puissance en ch 130 ch (96.0 kW) - 7 cv,Livrable le 23/03/2020
PEUGEOT 308,PureTech 130ch S&S BVM6 Allure Bleu Magnetic + Jantes alliage 17'' 'Rubis'+ Roue de secours galette avec options,19 648,https://cdn.auto-ies.com/catalog/product/cache/1/image/1800x/040ec09b1e35df139433887a97daa66f/6/3/63725-02_6.jpg,https://www.auto-ies.com/peugeot-308-2036796,PEUGEOT,308,130,Manuelle,-32.1%,"141,56 €/mois",28 570,Essence,5 Places,Boite de vitesse Manuelle 6 vitesses,Carrosserie Berline - 5 Portes,Puissance en ch 130 ch (96.0 kW) - 7 cv,Livrable le 17/03/2020
PEUGEOT 308,PureTech 130ch S&S BVM6 Allure Gris Artense + Jantes alliage 17'' 'Rubis'+ Roue de secours galette avec options,19 648,https://cdn.auto-ies.com/catalog/product/cache/1/image/1800x/040ec09b1e35df139433887a97daa66f/5/9/59695-02_4.jpg,https://www.auto-ies.com/peugeot-308-2036798,PEUGEOT,308,130,Manuelle,-32.1%,"141,56 €/mois",28 570,Essence,5 Places,Boite de vitesse Manuelle 6 vitesses,Carrosserie Berline - 5 Portes,Puissance en ch 130 ch (96.0 kW) - 7 cv,Livrable le 17/03/2020
PEUGEOT 308,PureTech 130ch S&S EAT8 GT Line Gris Artense + Roue de secours galette avec options,22 221,https://cdn.auto-ies.com/catalog/product/cache/1/image/1800x/040ec09b1e35df139433887a97daa66f/6/4/64605-02_5.jpg,https://www.auto-ies.com/peugeot-308-2036804,PEUGEOT,308,130,Automatique,-32.1%,"158,60 €/mois",32 360,Essence,5 Places,Boite de vitesse Automatique 8 vitesses,Carrosserie Berline - 5 Portes,Puissance en ch 130 ch (96.0 kW) - 7 cv,Livrable le 17/03/2020
PEUGEOT 308,BlueHDi 130ch S&S EAT8 GT Line Rouge Ultimate + Driver Sport Pack avec options,23 905,https://cdn.auto-ies.com/catalog/product/cache/1/image/1800x/040ec09b1e35df139433887a97daa66f/6/3/63813-02_4.jpg,https://www.auto-ies.com/peugeot-308-2036856,PEUGEOT,308,130,Automatique,-32.1%,"154,84 €/mois",34 840,Diesel,5 Places,Boite de vitesse Automatique 8 vitesses,Carrosserie Berline - 5 Portes,Puissance en ch 130 ch (96.0 kW) - 7 cv,Livrable le 23/03/2020
PEUGEOT 308,PureTech 130ch S&S BVM6 GT Line Rouge Ultimate + Roue de secours galette avec options,21 284,https://cdn.auto-ies.com/catalog/product/cache/1/image/1800x/040ec09b1e35df139433887a97daa66f/6/1/61494-02_3.jpg,https://www.auto-ies.com/peugeot-308-2036787,PEUGEOT,308,130,Manuelle,-31.1%,"160,61 €/mois",30 530,Essence,5 Places,Boite de vitesse Manuelle 6 vitesses,Carrosserie Berline - 5 Portes,Puissance en ch 130 ch (96.0 kW) - 7 cv,Livrable le 17/03/2020
PEUGEOT 308,PureTech 130ch S&S EAT8 Allure Gris Artense + Jantes alliage 17'' 'Rubis'+ Roue de secours galette avec options,21 312,https://cdn.auto-ies.com/catalog/product/cache/1/image/1800x/040ec09b1e35df139433887a97daa66f/5/9/59695-02_6.jpg,https://www.auto-ies.com/peugeot-308-2036803,PEUGEOT,308,130,Automatique,-31.1%,"160,81 €/mois",30 570,Essence,5 Places,Boite de vitesse Automatique 8 vitesses,Carrosserie Berline - 5 Portes,Puissance en ch 130 ch (96.0 kW) - 7 cv,Livrable le 17/03/2020
PEUGEOT 308,"PureTech 110ch S&S BVM6 Allure Blanc Banquise + Jantes alliage 17"" 'Rubis' + Roue de secours galette avec options",18 900,https://cdn.auto-ies.com/catalog/product/cache/1/image/1800x/040ec09b1e35df139433887a97daa66f/6/3/63720-02_4.jpg,https://www.auto-ies.com/peugeot-308-2036809,PEUGEOT,308,110,Manuelle,-31.1%,"143,87 €/mois",27 070,Essence,5 Places,Boite de vitesse Manuelle 6 vitesses,Carrosserie Berline - 5 Portes,Puissance en ch 110 ch (81.0 kW) - 6 cv,Livrable le 17/03/2020
PEUGEOT 308,"PureTech 110ch S&S BVM6 Allure Rouge Ultimate + Jantes alliage 17"" 'Rubis' + Roue de secours galette avec options",19 327,https://cdn.auto-ies.com/catalog/product/cache/1/image/1800x/040ec09b1e35df139433887a97daa66f/6/3/63727-02.jpg,https://www.auto-ies.com/peugeot-308-2036810,PEUGEOT,308,110,Manuelle,-31.1%,"146,86 €/mois",27 690,Essence,5 Places,Boite de vitesse Manuelle 6 vitesses,Carrosserie Berline - 5 Portes,Puissance en ch 110 ch (81.0 kW) - 6 cv,Livrable le 17/03/2020
PEUGEOT 308,PureTech 110ch S&S BVM6 Allure Gris Artense + Pack Side Security + Roue de secours galette avec options,19 376,https://cdn.auto-ies.com/catalog/product/cache/1/image/1800x/040ec09b1e35df139433887a97daa66f/5/9/59695-02_7.jpg,https://www.auto-ies.com/peugeot-308-2036812,PEUGEOT,308,110,Manuelle,-31.1%,"147,23 €/mois",27 760,Essence,5 Places,Boite de vitesse Manuelle 6 vitesses,Carrosserie Berline - 5 Portes,Puissance en ch 110 ch (81.0 kW) - 6 cv,Livrable le 17/03/2020
PEUGEOT 308,PureTech 110ch S&S BVM6 Allure Gris Platinium + Pack Side Security + Roue de secours galette avec options,19 376,https://cdn.auto-ies.com/catalog/product/cache/1/image/1800x/040ec09b1e35df139433887a97daa66f/6/4/64163-02_5.jpg,https://www.auto-ies.com/peugeot-308-2036814,PEUGEOT,308,110,Manuelle,-31.1%,"147,23 €/mois",27 760,Essence,5 Places,Boite de vitesse Manuelle 6 vitesses,Carrosserie Berline - 5 Portes,Puissance en ch 110 ch (81.0 kW) - 6 cv,Livrable le 23/03/2020
PEUGEOT 308,PureTech 110ch S&S BVM6 Allure Rouge Ultimate + Toit panoramique + Roue de secours galette avec options,19 534,https://cdn.auto-ies.com/catalog/product/cache/1/image/1800x/040ec09b1e35df139433887a97daa66f/6/3/63727-02_5.jpg,https://www.auto-ies.com/peugeot-308-2036819,PEUGEOT,308,110,Manuelle,-31.1%,"148,32 €/mois",27 990,Essence,5 Places,Boite de vitesse Manuelle 6 vitesses,Carrosserie Berline - 5 Portes,Puissance en ch 110 ch (81.0 kW) - 6 cv,Livrable le 17/03/2020
PEUGEOT 308,PureTech 110ch S&S BVM6 Allure Blanc Nacré + Toit panoramique + Roue de secours galette avec options,19 534,https://cdn.auto-ies.com/catalog/product/cache/1/image/1800x/040ec09b1e35df139433887a97daa66f/6/3/63786-02_4.jpg,https://www.auto-ies.com/peugeot-308-2036820,PEUGEOT,308,110,Manuelle,-31.1%,"148,32 €/mois",27 990,Essence,5 Places,Boite de vitesse Manuelle 6 vitesses,Carrosserie Berline - 5 Portes,Puissance en ch 110 ch (81.0 kW) - 6 cv,Livrable le 23/03/2020
PEUGEOT 308,PureTech 110ch S&S BVM6 Allure Blanc Nacré + Driver Sport Pack + Roue de secours galette avec options,19 334,https://cdn.auto-ies.com/catalog/product/cache/1/image/1800x/040ec09b1e35df139433887a97daa66f/6/3/63726-02_5.jpg,https://www.auto-ies.com/peugeot-308-2036822,PEUGEOT,308,110,Manuelle,-31.1%,"146,91 €/mois",27 700,Essence,5 Places,Boite de vitesse Manuelle 6 vitesses,Carrosserie Berline - 5 Portes,Puissance en ch 110 ch (81.0 kW) - 6 cv,Livrable le 17/03/2020
PEUGEOT 308,PureTech 110ch S&S BVM6 Allure Gris Platinium + Projecteurs 'Peugeot Full LED Technology' avec options,19 823,https://cdn.auto-ies.com/catalog/product/cache/1/image/1800x/040ec09b1e35df139433887a97daa66f/6/4/64163-02_6.jpg,https://www.auto-ies.com/peugeot-308-2036823,PEUGEOT,308,110,Manuelle,-31.1%,"150,34 €/mois",28 410,Essence,5 Places,Boite de vitesse Manuelle 6 vitesses,Carrosserie Berline - 5 Portes,Puissance en ch 110 ch (81.0 kW) - 6 cv,Livrable le 17/03/2020
PEUGEOT 308,PureTech 110ch S&S BVM6 Allure Noir Perla Nera + Projecteurs 'Peugeot Full LED Technology' avec options,19 823,https://cdn.auto-ies.com/catalog/product/cache/1/image/1800x/040ec09b1e35df139433887a97daa66f/6/4/64465-02_4.jpg,https://www.auto-ies.com/peugeot-308-2036824,PEUGEOT,308,110,Manuelle,-31.1%,"150,34 €/mois",28 410,Essence,5 Places,Boite de vitesse Manuelle 6 vitesses,Carrosserie Berline - 5 Portes,Puissance en ch 110 ch (81.0 kW) - 6 cv,Livrable le 17/03/2020
PEUGEOT 308,PureTech 110ch S&S BVM6 Allure Blanc Nacré + Pack Drive Assist + Roue de secours galette avec options,19 596,https://cdn.auto-ies.com/catalog/product/cache/1/image/1800x/040ec09b1e35df139433887a97daa66f/6/3/63783-02_4.jpg,https://www.auto-ies.com/peugeot-308-2036826,PEUGEOT,308,110,Manuelle,-31.1%,"148,76 €/mois",28 080,Essence,5 Places,Boite de vitesse Manuelle 6 vitesses,Carrosserie Berline - 5 Portes,Puissance en ch 110 ch (81.0 kW) - 6 cv,Livrable le 17/03/2020
PEUGEOT 308,PureTech 110ch S&S BVM6 Allure Bleu Magnetic + Pack Drive Assist + Roue de secours galette avec options,19 479,https://cdn.auto-ies.com/catalog/product/cache/1/image/1800x/040ec09b1e35df139433887a97daa66f/6/3/63725-02_7.jpg,https://www.auto-ies.com/peugeot-308-2036827,PEUGEOT,308,110,Manuelle,-31.1%,"147,94 €/mois",27 910,Essence,5 Places,Boite de vitesse Manuelle 6 vitesses,Carrosserie Berline - 5 Portes,Puissance en ch 110 ch (81.0 kW) - 6 cv,Livrable le 23/03/2020
PEUGEOT 308,PureTech 110ch S&S BVM6 Allure Dark Blue + Driver Sport Pack + Roue de secours galette avec options,19 217,https://cdn.auto-ies.com/catalog/product/cache/1/image/1800x/040ec09b1e35df139433887a97daa66f/6/1/61518-02_7.jpg,https://www.auto-ies.com/peugeot-308-2036828,PEUGEOT,308,110,Manuelle,-31.1%,"146,10 €/mois",27 530,Essence,5 Places,Boite de vitesse Manuelle 6 vitesses,Carrosserie Berline - 5 Portes,Puissance en ch 110 ch (81.0 kW) - 6 cv,Livrable le 23/03/2020
PEUGEOT 308,PureTech 110ch S&S BVM6 Allure Gris Platinium + Driver Sport Pack + Roue de secours galette avec options,19 217,https://cdn.auto-ies.com/catalog/product/cache/1/image/1800x/040ec09b1e35df139433887a97daa66f/5/9/59707-02_4.jpg,https://www.auto-ies.com/peugeot-308-2036829,PEUGEOT,308,110,Manuelle,-31.1%,"146,10 €/mois",27 530,Essence,5 Places,Boite de vitesse Manuelle 6 vitesses,Carrosserie Berline - 5 Portes,Puissance en ch 110 ch (81.0 kW) - 6 cv,Livrable le 10/03/2020
PEUGEOT 308,PureTech 110ch S&S BVM6 Allure Gris Artense + Driver Sport Pack + Roue de secours galette avec options,19 217,https://cdn.auto-ies.com/catalog/product/cache/1/image/1800x/040ec09b1e35df139433887a97daa66f/5/9/59695-02_8.jpg,https://www.auto-ies.com/peugeot-308-2036830,PEUGEOT,308,110,Manuelle,-31.1%,"146,10 €/mois",27 530,Essence,5 Places,Boite de vitesse Manuelle 6 vitesses,Carrosserie Berline - 5 Portes,Puissance en ch 110 ch (81.0 kW) - 6 cv,Livrable le 10/03/2020
PEUGEOT 308,PureTech 110ch S&S BVM6 Allure Bleu Magnetic + Pack Side Security + Roue de secours galette avec options,19 376,https://cdn.auto-ies.com/catalog/product/cache/1/image/1800x/040ec09b1e35df139433887a97daa66f/6/3/63725-02_8.jpg,https://www.auto-ies.com/peugeot-308-2036832,PEUGEOT,308,110,Manuelle,-31.1%,"147,23 €/mois",27 760,Essence,5 Places,Boite de vitesse Manuelle 6 vitesses,Carrosserie Berline - 5 Portes,Puissance en ch 110 ch (81.0 kW) - 6 cv,Livrable le 17/03/2020
PEUGEOT 308,PureTech 110ch S&S BVM6 Allure Blanc Nacré + Fonction DAB + Roue de secours avec options,19 314,https://cdn.auto-ies.com/catalog/product/cache/1/image/1800x/040ec09b1e35df139433887a97daa66f/6/5/65102-02_5.jpg,https://www.auto-ies.com/peugeot-308-2037153,PEUGEOT,308,110,Manuelle,-31%,"147,52 €/mois",27 630,Essence,5 Places,Boite de vitesse Manuelle 6 vitesses,Carrosserie Berline - 5 Portes,Puissance en ch 110 ch (81.0 kW) - 5 cv,Livrable le 23/03/2020
PEUGEOT 308,PureTech 110ch S&S BVM6 Allure Blanc Nacré + Fonction DAB + Roue de secours avec options,19 314,https://cdn.auto-ies.com/catalog/product/cache/1/image/1800x/040ec09b1e35df139433887a97daa66f/6/5/65102-02_8.jpg,https://www.auto-ies.com/peugeot-308-2037155,PEUGEOT,308,110,Manuelle,-31%,"147,52 €/mois",27 630,Essence,5 Places,Boite de vitesse Manuelle 6 vitesses,Carrosserie Berline - 5 Portes,Puissance en ch 110 ch (81.0 kW) - 5 cv,Livrable le 23/03/2020
PEUGEOT 308,PureTech 110ch S&S BVM6 Allure Bleu Magnetic + Fonction DAB + Roue de secours avec options,19 196,https://cdn.auto-ies.com/catalog/product/cache/1/image/1800x/040ec09b1e35df139433887a97daa66f/6/3/63725-02_9.jpg,https://www.auto-ies.com/peugeot-308-2037156,PEUGEOT,308,110,Manuelle,-31%,"146,67 €/mois",27 460,Essence,5 Places,Boite de vitesse Manuelle 6 vitesses,Carrosserie Berline - 5 Portes,Puissance en ch 110 ch (81.0 kW) - 5 cv,Livrable le 23/03/2020
PEUGEOT 308,PureTech 110ch S&S BVM6 Allure Bleu Magnétic + Driver Sport Pack + Roue de secours avec options,19 417,https://cdn.auto-ies.com/catalog/product/cache/1/image/1800x/040ec09b1e35df139433887a97daa66f/6/1/61518-02_8.jpg,https://www.auto-ies.com/peugeot-308-2037157,PEUGEOT,308,110,Manuelle,-31%,"148,24 €/mois",27 780,Essence,5 Places,Boite de vitesse Manuelle 6 vitesses,Carrosserie Berline - 5 Portes,Puissance en ch 110 ch (81.0 kW) - 5 cv,Livrable le 23/03/2020
PEUGEOT 308,PureTech 110ch S&S BVM6 Allure Dark Blue + Fonction DAB + Roue de secours avec options,19 196,https://cdn.auto-ies.com/catalog/product/cache/1/image/1800x/040ec09b1e35df139433887a97daa66f/6/1/61518-02_9.jpg,https://www.auto-ies.com/peugeot-308-2037158,PEUGEOT,308,110,Manuelle,-31%,"146,67 €/mois",27 460,Essence,5 Places,Boite de vitesse Manuelle 6 vitesses,Carrosserie Berline - 5 Portes,Puissance en ch 110 ch (81.0 kW) - 5 cv,Livrable le 23/03/2020
PEUGEOT 308,PureTech 110ch S&S BVM6 Allure Dark Blue + Pack Drive Assist + Roue de secours avec options,19 679,https://cdn.auto-ies.com/catalog/product/cache/1/image/1800x/040ec09b1e35df139433887a97daa66f/6/1/61518-02_12.jpg,https://www.auto-ies.com/peugeot-308-2037159,PEUGEOT,308,110,Manuelle,-31%,"150,08 €/mois",28 160,Essence,5 Places,Boite de vitesse Manuelle 6 vitesses,Carrosserie Berline - 5 Portes,Puissance en ch 110 ch (81.0 kW) - 5 cv,Livrable le 23/03/2020
PEUGEOT 308,PureTech 110ch S&S BVM6 Allure Dark Blue + Peugeot Full LED Technology + Roue de secours avec options,20 024,https://cdn.auto-ies.com/catalog/product/cache/1/image/1800x/040ec09b1e35df139433887a97daa66f/6/1/61518-02_13.jpg,https://www.auto-ies.com/peugeot-308-2037160,PEUGEOT,308,110,Manuelle,-31%,"152,51 €/mois",28 660,Essence,5 Places,Boite de vitesse Manuelle 6 vitesses,Carrosserie Berline - 5 Portes,Puissance en ch 110 ch (81.0 kW) - 5 cv,Livrable le 23/03/2020
PEUGEOT 308,PureTech 110ch S&S BVM6 Allure Gris Artense + Fonction DAB + Roue de secours avec options,19 196,https://cdn.auto-ies.com/catalog/product/cache/1/image/1800x/040ec09b1e35df139433887a97daa66f/6/3/63722-02_3.jpg,https://www.auto-ies.com/peugeot-308-2037161,PEUGEOT,308,110,Manuelle,-31%,"146,67 €/mois",27 460,Essence,5 Places,Boite de vitesse Manuelle 6 vitesses,Carrosserie Berline - 5 Portes,Puissance en ch 110 ch (81.0 kW) - 5 cv,Livrable le 23/03/2020
PEUGEOT 308,PureTech 110ch S&S BVM6 Allure Gris Hurricane + Pack Drive Assist + Roue de secours avec options,19 231,https://cdn.auto-ies.com/catalog/product/cache/1/image/1800x/040ec09b1e35df139433887a97daa66f/6/1/61510-02_4.jpg,https://www.auto-ies.com/peugeot-308-2037162,PEUGEOT,308,110,Manuelle,-31%,"146,93 €/mois",27 510,Essence,5 Places,Boite de vitesse Manuelle 6 vitesses,Carrosserie Berline - 5 Portes,Puissance en ch 110 ch (81.0 kW) - 5 cv,Livrable le 23/03/2020
PEUGEOT 308,PureTech 110ch S&S BVM6 Allure Gris Platinium + Pack Drive Assist + Roue de secours avec options,19 679,https://cdn.auto-ies.com/catalog/product/cache/1/image/1800x/040ec09b1e35df139433887a97daa66f/6/4/64163-02_3.jpg,https://www.auto-ies.com/peugeot-308-2037163,PEUGEOT,308,110,Manuelle,-31%,"150,08 €/mois",28 160,Essence,5 Places,Boite de vitesse Manuelle 6 vitesses,Carrosserie Berline - 5 Portes,Puissance en ch 110 ch (81.0 kW) - 5 cv,Livrable le 23/03/2020
PEUGEOT 308,PureTech 110ch S&S BVM6 Allure Noir Perla Nera + Fonction DAB + Roue de secours avec options,19 196,https://cdn.auto-ies.com/catalog/product/cache/1/image/1800x/040ec09b1e35df139433887a97daa66f/6/4/64465-02_7.jpg,https://www.auto-ies.com/peugeot-308-2037165,PEUGEOT,308,110,Manuelle,-31%,"146,67 €/mois",27 460,Essence,5 Places,Boite de vitesse Manuelle 6 vitesses,Carrosserie Berline - 5 Portes,Puissance en ch 110 ch (81.0 kW) - 5 cv,Livrable le 23/03/2020
PEUGEOT 308,PureTech 110ch S&S BVM6 Allure Noir Perla Nera + Fonction DAB + Roue de secours avec options,19 196,https://cdn.auto-ies.com/catalog/product/cache/1/image/1800x/040ec09b1e35df139433887a97daa66f/6/4/64465-02_5.jpg,https://www.auto-ies.com/peugeot-308-2037164,PEUGEOT,308,110,Manuelle,-31%,"146,67 €/mois",27 460,Essence,5 Places,Boite de vitesse Manuelle 6 vitesses,Carrosserie Berline - 5 Portes,Puissance en ch 110 ch (81.0 kW) - 5 cv,Livrable le 23/03/2020
PEUGEOT 308,PureTech 130ch S&S BVM6 Allure Blanc Nacré + Driver Sport Pack + Roue de secours avec options,20 259,https://cdn.auto-ies.com/catalog/product/cache/1/image/1800x/040ec09b1e35df139433887a97daa66f/6/5/65102-02_9.jpg,https://www.auto-ies.com/peugeot-308-2037166,PEUGEOT,308,130,Manuelle,-31%,"154,18 €/mois",29 000,Essence,5 Places,Boite de vitesse Manuelle 6 vitesses,Carrosserie Berline - 5 Portes,Puissance en ch 130 ch (96.0 kW) - 6 cv,Livrable le 23/03/2020
PEUGEOT 308,PureTech 130ch S&S BVM6 Allure Gris Artense + Toit panoramique + Roue de secours avec options,20 342,https://cdn.auto-ies.com/catalog/product/cache/1/image/1800x/040ec09b1e35df139433887a97daa66f/6/3/63722-02_4.jpg,https://www.auto-ies.com/peugeot-308-2037167,PEUGEOT,308,130,Manuelle,-31%,"154,77 €/mois",29 120,Essence,5 Places,Boite de vitesse Manuelle 6 vitesses,Carrosserie Berline - 5 Portes,Puissance en ch 130 ch (96.0 kW) - 6 cv,Livrable le 23/03/2020
PEUGEOT 308,PureTech 130ch S&S BVM6 Allure Gris Platinium + Peugeot Full LED Technology + Roue de secours avec options,20 749,https://cdn.auto-ies.com/catalog/product/cache/1/image/1800x/040ec09b1e35df139433887a97daa66f/6/4/64163-02_7.jpg,https://www.auto-ies.com/peugeot-308-2037168,PEUGEOT,308,130,Manuelle,-31%,"157,65 €/mois",29 710,Essence,5 Places,Boite de vitesse Manuelle 6 vitesses,Carrosserie Berline - 5 Portes,Puissance en ch 130 ch (96.0 kW) - 6 cv,Livrable le 23/03/2020
PEUGEOT 308,PureTech 130ch S&S BVM6 GT Line Gris Hurricane + Roue de secours galette + Fonction DAB avec options,20 921,https://cdn.auto-ies.com/catalog/product/cache/1/image/1800x/040ec09b1e35df139433887a97daa66f/6/1/61420-02_3.jpg,https://www.auto-ies.com/peugeot-308-2037170,PEUGEOT,308,130,Manuelle,-31%,"158,84 €/mois",29 960,Essence,5 Places,Boite de vitesse Manuelle 6 vitesses,Carrosserie Berline - 5 Portes,Puissance en ch 130 ch (96.0 kW) - 6 cv,Livrable le 23/03/2020
PEUGEOT 308,PureTech 130ch S&S BVM6 GT Line Rouge Ultimate +Roue de secours galette +Alarme et superverrouillage avec options,21 701,https://cdn.auto-ies.com/catalog/product/cache/1/image/1800x/040ec09b1e35df139433887a97daa66f/6/3/63888-02_3.jpg,https://www.auto-ies.com/peugeot-308-2037171,PEUGEOT,308,130,Manuelle,-31%,"164,35 €/mois",31 090,Essence,5 Places,Boite de vitesse Manuelle 6 vitesses,Carrosserie Berline - 5 Portes,Puissance en ch 130 ch (96.0 kW) - 6 cv,Livrable le 23/03/2020
PEUGEOT 308,PureTech 130ch S&S EAT8 Allure Bleu Magnetic + Peugeot Full LED Technology + Roue de secours galette avec options,22 232,https://cdn.auto-ies.com/catalog/product/cache/1/image/1800x/040ec09b1e35df139433887a97daa66f/6/3/63725-02_10.jpg,https://www.auto-ies.com/peugeot-308-2037172,PEUGEOT,308,130,Automatique,-31%,"168,10 €/mois",31 860,Essence,5 Places,Boite de vitesse Automatique 8 vitesses,Carrosserie Berline - 5 Portes,Puissance en ch 130 ch (96.0 kW) - 6 cv,Livrable le 23/03/2020
PEUGEOT 308,PureTech 110ch S&S BVM6 Allure Bleu Magnetic + Pack Drive Assist + Roue de secours avec options,19 679,https://cdn.auto-ies.com/catalog/product/cache/1/image/1800x/040ec09b1e35df139433887a97daa66f/6/3/63725-02_11.jpg,https://www.auto-ies.com/peugeot-308-2037174,PEUGEOT,308,110,Manuelle,-31%,"150,07 €/mois",28 160,Essence,5 Places,Boite de vitesse Manuelle 6 vitesses,Carrosserie Berline - 5 Portes,Puissance en ch 110 ch (81.0 kW) - 5 cv,Livrable le 23/03/2020
PEUGEOT 208,"BlueHDi 100ch S&S BVM5 Signature Noir Perla + Jantes 16"" Titane + Roue de secours avec options",15 931,https://cdn.auto-ies.com/catalog/product/cache/1/image/1800x/040ec09b1e35df139433887a97daa66f/6/4/64867-02_4.jpg,https://www.auto-ies.com/peugeot-208-2037119,PEUGEOT,208,102,Manuelle,-26.1%,"129,58 €/mois",21 220,Diesel,5 Places,Boite de vitesse Manuelle 5 vitesses,Carrosserie Citadine - 5 Portes,Puissance en ch 102 ch (75.0 kW) - 5 cv,Livrable le 09/03/2020
PEUGEOT 208,"BlueHDi 100ch S&S BVM5 Signature Gris Artense + Jantes 16"" Titane + Roue de secours avec options",15 931,https://cdn.auto-ies.com/catalog/product/cache/1/image/1800x/040ec09b1e35df139433887a97daa66f/6/4/64874-02_4.jpg,https://www.auto-ies.com/peugeot-208-2037120,PEUGEOT,208,102,Manuelle,-26.1%,"129,58 €/mois",21 220,Diesel,5 Places,Boite de vitesse Manuelle 5 vitesses,Carrosserie Citadine - 5 Portes,Puissance en ch 102 ch (75.0 kW) - 5 cv,Livrable le 09/03/2020
PEUGEOT 208,"BlueHDi 100ch S&S BVM5 Signature Gris Platinium + Jantes 16"" Titane + Roue de secours avec options",15 931,https://cdn.auto-ies.com/catalog/product/cache/1/image/1800x/040ec09b1e35df139433887a97daa66f/6/1/61731-02_4.jpg,https://www.auto-ies.com/peugeot-208-2037121,PEUGEOT,208,102,Manuelle,-26.1%,"129,58 €/mois",21 220,Diesel,5 Places,Boite de vitesse Manuelle 5 vitesses,Carrosserie Citadine - 5 Portes,Puissance en ch 102 ch (75.0 kW) - 5 cv,Livrable le 09/03/2020
PEUGEOT 508 Nouvelle,BlueHDi 180 ch S&S EAT8 GT Line Rouge Ultimate + Night Vision + Pack Electrique & Massages avec options,38 229,https://cdn.auto-ies.com/catalog/product/cache/1/image/1800x/040ec09b1e35df139433887a97daa66f/6/3/63415-02.jpg,https://www.auto-ies.com/peugeot-508-2037180,PEUGEOT,508,180,Automatique,-25%,"391,28 €/mois",50 640,Diesel,5 Places,Boite de vitesse Automatique 8 vitesses,Carrosserie Berline - 5 Portes,Puissance en ch 180 ch (131.0 kW) - 9 cv,Livrable le 09/03/2020
PEUGEOT 508 Nouvelle,BlueHDi 180 ch S&S EAT8 GT Line Noir Perla Nera + Night Vision + Pack Electrique & Massages avec options,38 079,https://cdn.auto-ies.com/catalog/product/cache/1/image/1800x/040ec09b1e35df139433887a97daa66f/G/2/G2032386-01_4.jpg,https://www.auto-ies.com/peugeot-508-2037181,PEUGEOT,508,180,Automatique,-25%,"389,79 €/mois",50 440,Diesel,5 Places,Boite de vitesse Automatique 8 vitesses,Carrosserie Berline - 5 Portes,Puissance en ch 180 ch (131.0 kW) - 9 cv,Livrable le 09/03/2020
PEUGEOT 508 Nouvelle,BlueHDi 180 ch S&S EAT8 GT Line Blanc Nacré + Pack City 3 + Pack Electrique & Massages avec options,37 179,https://cdn.auto-ies.com/catalog/product/cache/1/image/1800x/040ec09b1e35df139433887a97daa66f/G/2/G2032386-01_6.jpg,https://www.auto-ies.com/peugeot-508-2037182,PEUGEOT,508,180,Automatique,-25%,"380,83 €/mois",49 240,Diesel,5 Places,Boite de vitesse Automatique 8 vitesses,Carrosserie Berline - 5 Portes,Puissance en ch 180 ch (131.0 kW) - 9 cv,Livrable le 09/03/2020
PEUGEOT 508 Nouvelle,BlueHDi 180 ch S&S EAT8 GT Line Bleu Célèbes + Pack City 3 + Pack Electrique & Massages avec options,37 029,https://cdn.auto-ies.com/catalog/product/cache/1/image/1800x/040ec09b1e35df139433887a97daa66f/6/3/63413-02_3.jpg,https://www.auto-ies.com/peugeot-508-2037183,PEUGEOT,508,180,Automatique,-25%,"379,33 €/mois",49 040,Diesel,5 Places,Boite de vitesse Automatique 8 vitesses,Carrosserie Berline - 5 Portes,Puissance en ch 180 ch (131.0 kW) - 9 cv,Livrable le 09/03/2020
PEUGEOT 508 Nouvelle,BlueHDi 160 ch S&S EAT8 Allure Blanc Nacré + Peugeot Full LED Technology + Pack Inviolabilité avec options,33 453,https://cdn.auto-ies.com/catalog/product/cache/1/image/1800x/040ec09b1e35df139433887a97daa66f/G/2/G2032382-01_8.jpg,https://www.auto-ies.com/peugeot-508-2037179,PEUGEOT,508,160,Automatique,-24%,"353,16 €/mois",43 690,Diesel,5 Places,Boite de vitesse Automatique 8 vitesses,Carrosserie Berline - 5 Portes,Puissance en ch 160 ch (119.0 kW) - 8 cv,Livrable le 09/03/2020
PEUGEOT 3008 SUV,Puretech 130ch S&S BVM6 Active Noir Perla Nera + Navigation + Aide au stationnement avant avec options,25 280,https://cdn.auto-ies.com/catalog/product/cache/1/image/1800x/040ec09b1e35df139433887a97daa66f/6/4/64964-02_5.jpg,https://www.auto-ies.com/peugeot-3008-2036863,PEUGEOT,3008,130,Manuelle,-23.1%,"224,59 €/mois",32 550,Essence,5 Places,Boite de vitesse Manuelle 6 vitesses,Carrosserie SUV - 5 Portes,Puissance en ch 130 ch (96.0 kW) - 7 cv,Livrable le 23/03/2020
PEUGEOT 3008 SUV,Puretech 130ch S&S BVM6 Active Gris Amazonite + Navigation + Roue de secours avec options,25 049,https://cdn.auto-ies.com/catalog/product/cache/1/image/1800x/040ec09b1e35df139433887a97daa66f/6/4/64969-02_4.jpg,https://www.auto-ies.com/peugeot-3008-2036865,PEUGEOT,3008,130,Manuelle,-23.1%,"222,63 €/mois",32 250,Essence,5 Places,Boite de vitesse Manuelle 6 vitesses,Carrosserie SUV - 5 Portes,Puissance en ch 130 ch (96.0 kW) - 7 cv,Livrable le 23/03/2020
PEUGEOT 3008 SUV,Puretech 130ch S&S BVM6 Active Gris Artense + Navigation + Roue de secours avec options,25 049,https://cdn.auto-ies.com/catalog/product/cache/1/image/1800x/040ec09b1e35df139433887a97daa66f/6/4/64966-02_5.jpg,https://www.auto-ies.com/peugeot-3008-2036866,PEUGEOT,3008,130,Manuelle,-23.1%,"222,63 €/mois",32 250,Essence,5 Places,Boite de vitesse Manuelle 6 vitesses,Carrosserie SUV - 5 Portes,Puissance en ch 130 ch (96.0 kW) - 7 cv,Livrable le 24/03/2020
PEUGEOT 3008 SUV,Puretech 130ch S&S BVM6 GT Line Blanc Nacré + Hayon mains libres + Toit ouvrant panoramique avec options,29 210,https://cdn.auto-ies.com/catalog/product/cache/1/image/1800x/040ec09b1e35df139433887a97daa66f/5/9/59048-02_5.jpg,https://www.auto-ies.com/peugeot-3008-2036868,PEUGEOT,3008,130,Manuelle,-23.1%,"257,83 €/mois",37 660,Essence,5 Places,Boite de vitesse Manuelle 6 vitesses,Carrosserie SUV - 5 Portes,Puissance en ch 130 ch (96.0 kW) - 7 cv,Livrable le 23/03/2020
PEUGEOT 3008 SUV,Puretech 130ch S&S BVM6 GT Line Gris Amazonite + Hayon mains libres + Toit ouvrant panoramique avec options,29 071,https://cdn.auto-ies.com/catalog/product/cache/1/image/1800x/040ec09b1e35df139433887a97daa66f/6/4/64969-02_6.jpg,https://www.auto-ies.com/peugeot-3008-2036869,PEUGEOT,3008,130,Manuelle,-23.1%,"256,63 €/mois",37 480,Essence,5 Places,Boite de vitesse Manuelle 6 vitesses,Carrosserie SUV - 5 Portes,Puissance en ch 130 ch (96.0 kW) - 7 cv,Livrable le 23/03/2020
PEUGEOT 3008 SUV,Puretech 130ch S&S BVM6 GT Line Gris Platinium + Hayon mains libres + Toit ouvrant panoramique avec options,29 071,https://cdn.auto-ies.com/catalog/product/cache/1/image/1800x/040ec09b1e35df139433887a97daa66f/6/4/64676-02_4.jpg,https://www.auto-ies.com/peugeot-3008-2036871,PEUGEOT,3008,130,Manuelle,-23.1%,"256,63 €/mois",37 480,Essence,5 Places,Boite de vitesse Manuelle 6 vitesses,Carrosserie SUV - 5 Portes,Puissance en ch 130 ch (96.0 kW) - 7 cv,Livrable le 23/03/2020
PEUGEOT 3008 SUV,Puretech 130ch S&S BVM6 GT Line Gris Platinium + Hayon mains libres + Advanced Grip Control avec options,30 317,https://cdn.auto-ies.com/catalog/product/cache/1/image/1800x/040ec09b1e35df139433887a97daa66f/6/4/64676-02_6.jpg,https://www.auto-ies.com/peugeot-3008-2036872,PEUGEOT,3008,130,Manuelle,-23.1%,"261,52 €/mois",39 100,Essence,5 Places,Boite de vitesse Manuelle 6 vitesses,Carrosserie SUV - 5 Portes,Puissance en ch 130 ch (96.0 kW) - 7 cv,Livrable le 23/03/2020
PEUGEOT 3008 SUV,Puretech 130ch S&S EAT8 Allure Noir Perla Nera + Pack Drive Assist + Advanced Grip Control avec options,29 679,https://cdn.auto-ies.com/catalog/product/cache/1/image/1800x/040ec09b1e35df139433887a97daa66f/6/4/64964-02_8.jpg,https://www.auto-ies.com/peugeot-3008-2036874,PEUGEOT,3008,130,Automatique,-23.1%,"261,79 €/mois",38 270,Essence,5 Places,Boite de vitesse Automatique 8 vitesses,Carrosserie SUV - 5 Portes,Puissance en ch 130 ch (96.0 kW) - 7 cv,Livrable le 23/03/2020
PEUGEOT 3008 SUV,Puretech 130ch S&S BVM6 GT Line Metallic Copper avec options,27 318,https://cdn.auto-ies.com/catalog/product/cache/1/image/1800x/040ec09b1e35df139433887a97daa66f/6/2/62580-02_3.jpg,https://www.auto-ies.com/peugeot-3008-2036914,PEUGEOT,3008,130,Manuelle,-23.1%,"241,82 €/mois",35 200,Essence,5 Places,Boite de vitesse Manuelle 6 vitesses,Carrosserie SUV - 5 Portes,Puissance en ch 130 ch (96.0 kW) - 7 cv,Livrable le 10/03/2020
PEUGEOT 3008 SUV,Puretech 130ch S&S BVM6 GT Line Blanc Nacré + Toit ouvrant panoramique + Pack Aluminium avec options,28 694,https://cdn.auto-ies.com/catalog/product/cache/1/image/1800x/040ec09b1e35df139433887a97daa66f/6/4/64166-02_7.jpg,https://www.auto-ies.com/peugeot-3008-2036917,PEUGEOT,3008,130,Manuelle,-23.1%,"253,44 €/mois",36 990,Essence,5 Places,Boite de vitesse Manuelle 6 vitesses,Carrosserie SUV - 5 Portes,Puissance en ch 130 ch (96.0 kW) - 7 cv,Livrable le 23/03/2020
PEUGEOT 3008 SUV,Puretech 130ch S&S BVM6 GT Line Gris Platinium + Jantes alliage 19'' + Toit ouvrant panoramique avec options,29 279,https://cdn.auto-ies.com/catalog/product/cache/1/image/1800x/040ec09b1e35df139433887a97daa66f/6/4/64676-02_8.jpg,https://www.auto-ies.com/peugeot-3008-2036919,PEUGEOT,3008,130,Manuelle,-23.1%,"258,40 €/mois",37 750,Essence,5 Places,Boite de vitesse Manuelle 6 vitesses,Carrosserie SUV - 5 Portes,Puissance en ch 130 ch (96.0 kW) - 7 cv,Livrable le 23/03/2020
PEUGEOT 3008 SUV,Puretech 130ch S&S BVM6 GT Line Blanc Nacré + Système HiFi Premium Focal + Toit ouvrant panoramique avec options,32 070,https://cdn.auto-ies.com/catalog/product/cache/1/image/1800x/040ec09b1e35df139433887a97daa66f/6/4/64166-02_8.jpg,https://www.auto-ies.com/peugeot-3008-2036920,PEUGEOT,3008,130,Manuelle,-23.1%,276 €/mois,41 380,Essence,5 Places,Boite de vitesse Manuelle 6 vitesses,Carrosserie SUV - 5 Portes,Puissance en ch 130 ch (96.0 kW) - 7 cv,Livrable le 23/03/2020
PEUGEOT 3008 SUV,Puretech 130ch S&S BVM6 GT Line Noir Perla Nera + Roue de secours + Recharge smartphone sans fil avec options,27 695,https://cdn.auto-ies.com/catalog/product/cache/1/image/1800x/040ec09b1e35df139433887a97daa66f/6/4/64964-02_14.jpg,https://www.auto-ies.com/peugeot-3008-2036921,PEUGEOT,3008,130,Manuelle,-23.1%,"245,02 €/mois",35 690,Essence,5 Places,Boite de vitesse Manuelle 6 vitesses,Carrosserie SUV - 5 Portes,Puissance en ch 130 ch (96.0 kW) - 7 cv,Livrable le 23/03/2020
PEUGEOT 3008 SUV,Puretech 130ch S&S BVM6 GT Line Metallic Copper + Roue de secours + Recharge smartphone sans fil avec options,27 695,https://cdn.auto-ies.com/catalog/product/cache/1/image/1800x/040ec09b1e35df139433887a97daa66f/6/2/62580-02_6.jpg,https://www.auto-ies.com/peugeot-3008-2036922,PEUGEOT,3008,130,Manuelle,-23.1%,"245,02 €/mois",35 690,Essence,5 Places,Boite de vitesse Manuelle 6 vitesses,Carrosserie SUV - 5 Portes,Puissance en ch 130 ch (96.0 kW) - 7 cv,Livrable le 17/03/2020
PEUGEOT 3008 SUV,Puretech 130ch S&S BVM6 GT Line Gris Platinium + Roue de secours + Recharge smartphone sans fil avec options,27 695,https://cdn.auto-ies.com/catalog/product/cache/1/image/1800x/040ec09b1e35df139433887a97daa66f/6/4/64676-02_9.jpg,https://www.auto-ies.com/peugeot-3008-2036923,PEUGEOT,3008,130,Manuelle,-23.1%,"245,02 €/mois",35 690,Essence,5 Places,Boite de vitesse Manuelle 6 vitesses,Carrosserie SUV - 5 Portes,Puissance en ch 130 ch (96.0 kW) - 7 cv,Livrable le 17/03/2020
PEUGEOT 3008 SUV,Puretech 130ch S&S BVM6 GT Line Gris Amazonite + Roue de secours + Recharge smartphone sans fil avec options,27 695,https://cdn.auto-ies.com/catalog/product/cache/1/image/1800x/040ec09b1e35df139433887a97daa66f/6/4/64170-02.jpg,https://www.auto-ies.com/peugeot-3008-2036924,PEUGEOT,3008,130,Manuelle,-23.1%,"245,02 €/mois",35 690,Essence,5 Places,Boite de vitesse Manuelle 6 vitesses,Carrosserie SUV - 5 Portes,Puissance en ch 130 ch (96.0 kW) - 7 cv,Livrable le 23/03/2020
PEUGEOT 3008 SUV,Puretech 130ch S&S BVM6 GT Line Bleu Magnetic + Roue de secours + Recharge smartphone sans fil avec options,27 695,https://cdn.auto-ies.com/catalog/product/cache/1/image/1800x/040ec09b1e35df139433887a97daa66f/6/0/60378-02_3.jpg,https://www.auto-ies.com/peugeot-3008-2036925,PEUGEOT,3008,130,Manuelle,-23.1%,"245,02 €/mois",35 690,Essence,5 Places,Boite de vitesse Manuelle 6 vitesses,Carrosserie SUV - 5 Portes,Puissance en ch 130 ch (96.0 kW) - 7 cv,Livrable le 23/03/2020
PEUGEOT 508 Nouvelle,PureTech 180 ch S&S EAT8 Allure Gris Platinium + Pack Drive Assist avec options,31 693,https://cdn.auto-ies.com/catalog/product/cache/1/image/1800x/040ec09b1e35df139433887a97daa66f/G/2/G2032382-01_5.jpg,https://www.auto-ies.com/peugeot-508-2036891,PEUGEOT,508,180,Automatique,-23.1%,"436,64 €/mois",40 890,Essence,5 Places,Boite de vitesse Automatique 8 vitesses,Carrosserie Berline - 5 Portes,Puissance en ch 180 ch (133.0 kW) - 10 cv,Livrable le 23/03/2020
PEUGEOT 3008 SUV,Puretech 130ch S&S BVM6 Allure Gris Amazonite + Roue de secours galette + Hayon mains libres avec options,26 514,https://cdn.auto-ies.com/catalog/product/cache/1/image/1800x/040ec09b1e35df139433887a97daa66f/6/5/65114-02_4.jpg,https://www.auto-ies.com/peugeot-3008-2037147,PEUGEOT,3008,130,Manuelle,-23%,"235,91 €/mois",34 110,Essence,5 Places,Boite de vitesse Manuelle 6 vitesses,Carrosserie SUV - 5 Portes,Puissance en ch 130 ch (96.0 kW) - 7 cv,Livrable le 23/03/2020
PEUGEOT 3008 SUV,Puretech 130ch S&S BVM6 Allure Gris Artense + Roue de secours galette + Jantes 18'' diamantées avec options,26 167,https://cdn.auto-ies.com/catalog/product/cache/1/image/1800x/040ec09b1e35df139433887a97daa66f/6/4/64966-02_3.jpg,https://www.auto-ies.com/peugeot-3008-2037148,PEUGEOT,3008,130,Manuelle,-23%,"232,95 €/mois",33 660,Essence,5 Places,Boite de vitesse Manuelle 6 vitesses,Carrosserie SUV - 5 Portes,Puissance en ch 130 ch (96.0 kW) - 7 cv,Livrable le 23/03/2020
PEUGEOT 3008 SUV,Puretech 130ch S&S BVM6 Allure Noir Perla Nera + Roue de secours galette + Jantes 18'' diamantées avec options,26 167,https://cdn.auto-ies.com/catalog/product/cache/1/image/1800x/040ec09b1e35df139433887a97daa66f/6/4/64964-02_4.jpg,https://www.auto-ies.com/peugeot-3008-2037149,PEUGEOT,3008,130,Manuelle,-23%,"232,95 €/mois",33 660,Essence,5 Places,Boite de vitesse Manuelle 6 vitesses,Carrosserie SUV - 5 Portes,Puissance en ch 130 ch (96.0 kW) - 7 cv,Livrable le 23/03/2020
PEUGEOT 3008 SUV,Puretech 130ch S&S BVM6 GT Line Metallic Copper avec options,27 546,https://cdn.auto-ies.com/catalog/product/cache/1/image/1800x/040ec09b1e35df139433887a97daa66f/6/5/65118-02.jpg,https://www.auto-ies.com/peugeot-3008-2037151,PEUGEOT,3008,130,Manuelle,-23%,"244,67 €/mois",35 450,Essence,5 Places,Boite de vitesse Manuelle 6 vitesses,Carrosserie SUV - 5 Portes,Puissance en ch 130 ch (96.0 kW) - 7 cv,Livrable le 23/03/2020
PEUGEOT 3008 SUV,Puretech 130ch S&S EAT8 GT Line Noir Perla + Pack City 2 + Toit ouvrant panoramique avec options,31 226,https://cdn.auto-ies.com/catalog/product/cache/1/image/1800x/040ec09b1e35df139433887a97daa66f/6/4/64677-02_4.jpg,https://www.auto-ies.com/peugeot-3008-2037152,PEUGEOT,3008,130,Automatique,-23%,"270,06 €/mois",40 230,Essence,5 Places,Boite de vitesse Automatique 8 vitesses,Carrosserie SUV - 5 Portes,Puissance en ch 130 ch (96.0 kW) - 6 cv,Livrable le 23/03/2020
PEUGEOT 3008 SUV,Puretech 130ch S&S BVM6 GT Line Gris Platinium + Roue de secours galette + Hayon mains libres avec options,28 131,https://cdn.auto-ies.com/catalog/product/cache/1/image/1800x/040ec09b1e35df139433887a97daa66f/6/5/65120-02_4.jpg,https://www.auto-ies.com/peugeot-3008-2037150,PEUGEOT,3008,130,Manuelle,-23%,"249,63 €/mois",36 210,Essence,5 Places,Boite de vitesse Manuelle 6 vitesses,Carrosserie SUV - 5 Portes,Puissance en ch 130 ch (96.0 kW) - 7 cv,Livrable le 23/03/2020
CITROEN C3,PureTech 82 S&S BVM5 Shine Blanc Banquise + Toit Noir Onyx avec options,14 375,https://cdn.auto-ies.com/catalog/product/cache/1/image/1800x/040ec09b1e35df139433887a97daa66f/6/5/65089-02.jpg,https://www.auto-ies.com/citroen-c3-2036603,CITROEN, C3,82,Manuelle,-22.6%,"139,21 €/mois",18 250,Essence,5 Places,Boite de vitesse Manuelle 5 vitesses,Carrosserie Citadine - 5 Portes,Puissance en ch 82 ch (60.0 kW) - 4 cv,Livrable le 05/03/2020
PEUGEOT 3008 SUV,Puretech 130ch S&S BVM6 Allure Blanc Nacré + Advanced Grip Control + Toit ouvrant panoramique avec options,28 384,https://cdn.auto-ies.com/catalog/product/cache/1/image/1800x/040ec09b1e35df139433887a97daa66f/6/4/64169-02_4.jpg,https://www.auto-ies.com/peugeot-3008-2036867,PEUGEOT,3008,130,Manuelle,-22.6%,"255,50 €/mois",36 350,Essence,5 Places,Boite de vitesse Manuelle 6 vitesses,Carrosserie SUV - 5 Portes,Puissance en ch 130 ch (96.0 kW) - 7 cv,Livrable le 24/03/2020
PEUGEOT 3008 SUV,Puretech 130ch S&S BVM6 Allure Noir Perla Nera + Roue de secours + Barres de toit longitudinales avec options,26 108,https://cdn.auto-ies.com/catalog/product/cache/1/image/1800x/040ec09b1e35df139433887a97daa66f/6/4/64964-02_12.jpg,https://www.auto-ies.com/peugeot-3008-2036910,PEUGEOT,3008,130,Manuelle,-22.6%,"235,88 €/mois",33 410,Essence,5 Places,Boite de vitesse Manuelle 6 vitesses,Carrosserie SUV - 5 Portes,Puissance en ch 130 ch (96.0 kW) - 7 cv,Livrable le 10/03/2020
PEUGEOT 3008 SUV,Puretech 130ch S&S BVM6 Allure Gris Artense + Roue de secours + Barres de toit longitudinales avec options,26 108,https://cdn.auto-ies.com/catalog/product/cache/1/image/1800x/040ec09b1e35df139433887a97daa66f/6/4/64966-02_8.jpg,https://www.auto-ies.com/peugeot-3008-2036911,PEUGEOT,3008,130,Manuelle,-22.6%,"235,88 €/mois",33 410,Essence,5 Places,Boite de vitesse Manuelle 6 vitesses,Carrosserie SUV - 5 Portes,Puissance en ch 130 ch (96.0 kW) - 7 cv,Livrable le 10/03/2020
PEUGEOT 3008 SUV,Puretech 130ch S&S BVM6 Allure Blanc Banquise + Roue de secours +Hayon mains libres avec options,26 108,https://cdn.auto-ies.com/catalog/product/cache/1/image/1800x/040ec09b1e35df139433887a97daa66f/6/0/60377-02_4.jpg,https://www.auto-ies.com/peugeot-3008-2036912,PEUGEOT,3008,130,Manuelle,-22.6%,"235,88 €/mois",33 410,Essence,5 Places,Boite de vitesse Manuelle 6 vitesses,Carrosserie SUV - 5 Portes,Puissance en ch 130 ch (96.0 kW) - 7 cv,Livrable le 24/03/2020
PEUGEOT 3008 SUV,Puretech 130ch S&S BVM6 Allure Gris Amazonite + Roue de secours +Hayon mains libres avec options,26 457,https://cdn.auto-ies.com/catalog/product/cache/1/image/1800x/040ec09b1e35df139433887a97daa66f/6/4/64969-02_12.jpg,https://www.auto-ies.com/peugeot-3008-2036913,PEUGEOT,3008,130,Manuelle,-22.6%,"238,90 €/mois",33 860,Essence,5 Places,Boite de vitesse Manuelle 6 vitesses,Carrosserie SUV - 5 Portes,Puissance en ch 130 ch (96.0 kW) - 7 cv,Livrable le 10/03/2020
CITROEN C3,PureTech 82 S&S BVM5 Shine Rouge Rubi toit Blanc Opale+ Pack safety + Jantes 16' Matrix avec options,16 162,https://cdn.auto-ies.com/catalog/product/cache/1/image/1800x/040ec09b1e35df139433887a97daa66f/6/5/65076-02_5.jpg,https://www.auto-ies.com/citroen-c3-2036775,CITROEN, C3,82,Manuelle,-22.6%,"150,14 €/mois",20 560,Essence,5 Places,Boite de vitesse Manuelle 5 vitesses,Carrosserie Citadine - 5 Portes,Puissance en ch 82 ch (60.0 kW) - 4 cv,Livrable le 05/03/2020
CITROEN C3,PureTech 82 S&S BVM5 Shine Blanc Banquise toit Rouge Aden + Pack safety + Jantes 17' Cross avec options,16 054,https://cdn.auto-ies.com/catalog/product/cache/1/image/1800x/040ec09b1e35df139433887a97daa66f/6/2/62383-02_3.jpg,https://www.auto-ies.com/citroen-c3-2036776,CITROEN, C3,82,Manuelle,-22.6%,"149,22 €/mois",20 420,Essence,5 Places,Boite de vitesse Manuelle 5 vitesses,Carrosserie Citadine - 5 Portes,Puissance en ch 82 ch (60.0 kW) - 4 cv,Livrable le 05/03/2020
PEUGEOT 3008 SUV,Puretech 130ch S&S BVM6 Allure Blanc Banquise + Roue de secours galette + Hayon mains libres avec options,26 336,https://cdn.auto-ies.com/catalog/product/cache/1/image/1800x/040ec09b1e35df139433887a97daa66f/5/7/57786-02.jpg,https://www.auto-ies.com/peugeot-3008-2037146,PEUGEOT,3008,130,Manuelle,-22.5%,"238,72 €/mois",33 660,Essence,5 Places,Boite de vitesse Manuelle 6 vitesses,Carrosserie SUV - 5 Portes,Puissance en ch 130 ch (96.0 kW) - 7 cv,Livrable le 23/03/2020
HYUNDAI Tucson,1.6 CRDi 136 2WD DCT-7 Executive White Sand avec options,31 663,https://cdn.auto-ies.com/catalog/product/cache/1/image/1800x/040ec09b1e35df139433887a97daa66f/6/2/62199-02.jpg,https://www.auto-ies.com/hyundai-tucson-2035683,HYUNDAI,Tucson,136,Automatique,-22.3%,"239,70 €/mois",40 430,Diesel,5 Places,Boite de vitesse Automatique 7 vitesses,Carrosserie SUV - 5 Portes,Puissance en ch 136 ch (100.0 kW) - 7 cv,Livrable le 23/03/2020
VOLKSWAGEN Golf Nouvelle,1.5 TSI 130 EVO BVM6 Confortline Bleu Atlantique + Jantes 17'' 'Dijon' + Projecteurs LED avec options,25 315,https://cdn.auto-ies.com/catalog/product/cache/1/image/1800x/040ec09b1e35df139433887a97daa66f/5/6/56611-02_6.jpg,https://www.auto-ies.com/volkswagen-golf-2036656,VOLKSWAGEN,Golf,130,Manuelle,-22.3%,"231,50 €/mois",32 260,Essence,5 Places,Boite de vitesse Manuelle 6 vitesses,Carrosserie Berline - 5 Portes,Puissance en ch 130 ch (96.0 kW) - 6 cv,Livrable le 23/03/2020
PEUGEOT 3008 SUV,Puretech 130ch S&S EAT8 GT Line Noir Perla Nera + Pack Drive Assist + Roue de secours avec options,30 015,https://cdn.auto-ies.com/catalog/product/cache/1/image/1800x/040ec09b1e35df139433887a97daa66f/6/4/64964-02_15.jpg,https://www.auto-ies.com/peugeot-3008-2036928,PEUGEOT,3008,130,Automatique,-22.1%,"274,45 €/mois",38 210,Essence,5 Places,Boite de vitesse Automatique 8 vitesses,Carrosserie SUV - 5 Portes,Puissance en ch 130 ch (96.0 kW) - 7 cv,Livrable le 23/03/2020
PEUGEOT 5008 SUV,PureTech 130ch S&S BVM6 Allure Blanc Banquise + Roue de secours + Recharge smartphone sans fil avec options,27 678,https://cdn.auto-ies.com/catalog/product/cache/1/image/1800x/040ec09b1e35df139433887a97daa66f/6/0/60381-02_3.jpg,https://www.auto-ies.com/peugeot-5008-suv-2036927,PEUGEOT,5008,130,Manuelle,-22.1%,"253,93 €/mois",35 210,Essence,7 Places,Boite de vitesse Manuelle 6 vitesses,Carrosserie SUV - 5 Portes,Puissance en ch 130 ch (96.0 kW) - 7 cv,Livrable le 23/03/2020
PEUGEOT 5008 SUV,PureTech 130ch S&S BVM6 Allure Blanc Banquise + Roue de secours avec options,27 366,https://cdn.auto-ies.com/catalog/product/cache/1/image/1800x/040ec09b1e35df139433887a97daa66f/5/7/57766-02_11.jpg,https://www.auto-ies.com/peugeot-5008-suv-2036894,PEUGEOT,5008,130,Manuelle,-22.1%,"251,17 €/mois",34 810,Essence,7 Places,Boite de vitesse Manuelle 6 vitesses,Carrosserie SUV - 5 Portes,Puissance en ch 130 ch (96.0 kW) - 7 cv,Livrable le 24/03/2020
PEUGEOT 5008 SUV,PureTech 130ch S&S BVM6 Allure Gris Artense + Roue de secours avec options,27 872,https://cdn.auto-ies.com/catalog/product/cache/1/image/1800x/040ec09b1e35df139433887a97daa66f/6/3/63992-02.jpg,https://www.auto-ies.com/peugeot-5008-suv-2036895,PEUGEOT,5008,130,Manuelle,-22.1%,"255,61 €/mois",35 460,Essence,7 Places,Boite de vitesse Manuelle 6 vitesses,Carrosserie SUV - 5 Portes,Puissance en ch 130 ch (96.0 kW) - 7 cv,Livrable le 23/03/2020
PEUGEOT 5008 SUV,PureTech 130ch S&S BVM6 GT Line Noir Perla + Toit ouvrant + hayon mains libres avec options,31 160,https://cdn.auto-ies.com/catalog/product/cache/1/image/1800x/040ec09b1e35df139433887a97daa66f/6/3/63999-02_5.jpg,https://www.auto-ies.com/peugeot-5008-suv-2036897,PEUGEOT,5008,130,Manuelle,-22.1%,"278,72 €/mois",39 680,Essence,7 Places,Boite de vitesse Manuelle 6 vitesses,Carrosserie SUV - 5 Portes,Puissance en ch 130 ch (96.0 kW) - 7 cv,Livrable le 23/03/2020
PEUGEOT 5008 SUV,PureTech 130ch S&S BVM6 GT Line Gris Amazonite + Grip Control avec options,29 828,https://cdn.auto-ies.com/catalog/product/cache/1/image/1800x/040ec09b1e35df139433887a97daa66f/6/3/63990-02_7.jpg,https://www.auto-ies.com/peugeot-5008-suv-2036898,PEUGEOT,5008,130,Manuelle,-22.1%,"272,81 €/mois",37 970,Essence,7 Places,Boite de vitesse Manuelle 6 vitesses,Carrosserie SUV - 5 Portes,Puissance en ch 130 ch (96.0 kW) - 7 cv,Livrable le 23/03/2020
PEUGEOT 5008 SUV,PureTech 130ch S&S EAT8 Allure Blanc Banquise + roue de secours avec options,28 963,https://cdn.auto-ies.com/catalog/product/cache/1/image/1800x/040ec09b1e35df139433887a97daa66f/5/7/57766-02_13.jpg,https://www.auto-ies.com/peugeot-5008-suv-2036899,PEUGEOT,5008,130,Automatique,-22.1%,"265,20 €/mois",36 860,Essence,7 Places,Boite de vitesse Automatique 8 vitesses,Carrosserie SUV - 5 Portes,Puissance en ch 130 ch (96.0 kW) - 7 cv,Livrable le 23/03/2020
PEUGEOT 5008 SUV,PureTech 130ch S&S EAT8 Allure Blanc Banquise Toit 'Black Diamond' + Toit ouvrant + Grip control avec options,30 918,https://cdn.auto-ies.com/catalog/product/cache/1/image/1800x/040ec09b1e35df139433887a97daa66f/5/7/57766-02_15.jpg,https://www.auto-ies.com/peugeot-5008-suv-2036900,PEUGEOT,5008,130,Automatique,-22.1%,"276,63 €/mois",39 370,Essence,7 Places,Boite de vitesse Automatique 8 vitesses,Carrosserie SUV - 5 Portes,Puissance en ch 130 ch (96.0 kW) - 7 cv,Livrable le 24/03/2020
PEUGEOT 5008 SUV,PureTech 130ch S&S EAT8 GT Line Noir Perla Nera + Grip Control avec options,31 425,https://cdn.auto-ies.com/catalog/product/cache/1/image/1800x/040ec09b1e35df139433887a97daa66f/6/3/63994-02_3.jpg,https://www.auto-ies.com/peugeot-5008-suv-2036903,PEUGEOT,5008,130,Automatique,-22.1%,"281,01 €/mois",40 020,Essence,7 Places,Boite de vitesse Automatique 8 vitesses,Carrosserie SUV - 5 Portes,Puissance en ch 130 ch (96.0 kW) - 7 cv,Livrable le 23/03/2020
PEUGEOT 5008 SUV,PureTech 130ch S&S EAT8 GT Line Gris Platinium + Grip Control avec options,31 425,https://cdn.auto-ies.com/catalog/product/cache/1/image/1800x/040ec09b1e35df139433887a97daa66f/6/3/63987-02_10.jpg,https://www.auto-ies.com/peugeot-5008-suv-2036904,PEUGEOT,5008,130,Automatique,-22.1%,"281,01 €/mois",40 020,Essence,7 Places,Boite de vitesse Automatique 8 vitesses,Carrosserie SUV - 5 Portes,Puissance en ch 130 ch (96.0 kW) - 7 cv,Livrable le 23/03/2020
PEUGEOT 208 Nouvelle,PureTech 75 S&S BVM5 Active Blanc Banquise + Aide au stationnement arrière + Jantes Alliage 16'' avec options,16 587,https://cdn.auto-ies.com/catalog/product/cache/1/image/1800x/040ec09b1e35df139433887a97daa66f/G/2/G2036182-01_7.jpg,https://www.auto-ies.com/peugeot-208-nouvelle-2037087,PEUGEOT,208,75,Manuelle,-14.1%,"195,11 €/mois",19 020,Essence,5 Places,Boite de vitesse Manuelle 5 vitesses,Carrosserie Citadine - 5 Portes,Puissance en ch 75 ch (55.0 kW) - 4 cv,Livrable le 11/03/2020
PEUGEOT 208 Nouvelle,PureTech 75 S&S BVM5 Active Gris Artense + Aide au stationnement arrière + Jantes Alliage 16'' avec options,17 532,https://cdn.auto-ies.com/catalog/product/cache/1/image/1800x/040ec09b1e35df139433887a97daa66f/G/2/G2036182-01_8.jpg,https://www.auto-ies.com/peugeot-208-nouvelle-2037088,PEUGEOT,208,75,Manuelle,-14.1%,"205,65 €/mois",20 120,Essence,5 Places,Boite de vitesse Manuelle 5 vitesses,Carrosserie Citadine - 5 Portes,Puissance en ch 75 ch (55.0 kW) - 4 cv,Livrable le 11/03/2020
PEUGEOT 208 Nouvelle,BlueHDi 100 S&S BVM6 Allure Rouge Elixir + Navigation 3D + Visio Park1 avec options,20 870,https://cdn.auto-ies.com/catalog/product/cache/1/image/1800x/040ec09b1e35df139433887a97daa66f/G/2/G2036120-01_4.jpg,https://www.auto-ies.com/peugeot-208-nouvelle-2037089,PEUGEOT,208,100,Manuelle,-13.1%,"246,74 €/mois",23 730,Diesel,5 Places,Boite de vitesse Manuelle 6 vitesses,Carrosserie Citadine - 5 Portes,Puissance en ch 100 ch (74.0 kW) - 5 cv,Livrable le 11/03/2020
